filename,words
image_3717.png,٤
image_3780.png,٤٥
image_136.png,٢
image_4481.png,٦٣
image_1438.png,٨٨
image_48.png,٢٣
image_1361.png,٨
image_735.png,٦٥
image_1535.png,٦
image_2005.png,٦٧
image_3796.png,٢٢
image_2520.png,٩
image_1973.png,٦
image_997.png,٢
image_62.png,٧
image_1109.png,٢
image_2406.png,٧٣٩
image_96.png,٧
image_479.png,١٤
image_4360.png,٨٤
image_4113.png,١١
image_3708.png,٩٢
image_1102.png,١٩
image_2747.png,٤٠٣
image_2171.png,٨
image_323.png,٠
image_4255.png,٠١
image_3143.png,٣٤
image_3538.png,١
image_4926.png,٦
image_2925.png,١٦٨
image_1150.png,٩٥٦
image_3618.png,٤٥
image_292.png,٠
image_3750.png,١٧
image_3587.png,٦
image_534.png,١
image_3608.png,٨٩٥
image_2649.png,٢
image_4811.png,٧
image_1984.png,٣٩
image_2933.png,٦١٨
image_1537.png,٩٤
image_4535.png,١٩٠
image_4173.png,٥٠
image_3361.png,٤٢
image_3666.png,٢٠
image_4006.png,١
image_3627.png,٩
image_587.png,٣٨
image_3257.png,٨٨٠
image_2299.png,٨٠
image_3989.png,٨٨٨
image_585.png,١
image_2424.png,٨
image_1392.png,٣٤٣
image_4526.png,١
image_4921.png,٣
image_4801.png,٣
image_3241.png,٥٣
image_4282.png,٦٨
image_3339.png,٥٤
image_3221.png,٤٥
image_2112.png,٠٠
image_1175.png,٢
image_4863.png,٠٢٧
image_3812.png,١
image_1868.png,٠٣٩
image_2615.png,٣٨
image_3867.png,٧٣٤
image_4886.png,٩٢٢
image_3779.png,١٧
image_3847.png,٦
image_2417.png,٢
image_71.png,٣
image_4881.png,٥
image_1127.png,٧٧
image_4025.png,٠
image_3251.png,٥
image_3902.png,١
image_1096.png,٥
image_4546.png,٩٧٧
image_1213.png,٩
image_3922.png,١٦٥
image_1426.png,٦
image_3067.png,٥٥
image_4520.png,٦٠
image_2101.png,٧١
image_808.png,١
image_4744.png,٢٣
image_3751.png,٦٧
image_1363.png,٢
image_2318.png,٧٢٥
image_4582.png,٠٥٠
image_4742.png,٩٦
image_1026.png,٠٦
image_3110.png,٥٧٢
image_2111.png,١٠٤
image_1042.png,٣٥٢
image_1877.png,٤٦٩
image_882.png,٧٦٨
image_4300.png,٥٨
image_1193.png,٧٥
image_4588.png,٠
image_4511.png,٧
image_3671.png,٩٨٥
image_625.png,٠
image_2797.png,٤٠٥
image_4292.png,٠
image_4969.png,٨
image_234.png,٥٥
image_4567.png,٥٦
image_1663.png,٨
image_416.png,٦٠
image_4247.png,١٦
image_2174.png,٠
image_1457.png,٥
image_747.png,٨٨
image_18.png,٥١٧
image_1201.png,٧٢
image_1700.png,٢٩٢
image_3254.png,٩٣
image_597.png,٢٢
image_3227.png,١٧
image_4406.png,٧
image_4720.png,٨٤٢
image_1506.png,١٣
image_1413.png,٥
image_1966.png,٥
image_372.png,٩
image_1341.png,٦٠
image_599.png,٦
image_239.png,٣٠
image_3401.png,٣
image_2068.png,٠
image_811.png,٦١٢
image_1095.png,٩٧٤
image_4325.png,٤٨
image_4761.png,٦
image_3677.png,٦
image_3465.png,٤
image_3104.png,٦
image_2750.png,٥٥٠
image_2296.png,٨٩
image_4193.png,١١
image_3709.png,٨
image_3019.png,٧
image_4253.png,٩
image_804.png,١٦
image_4191.png,٢٧٢
image_3706.png,٠٤٨
image_752.png,٠
image_4645.png,٥٢
image_2532.png,٨٦
image_622.png,٠
image_2298.png,٤١
image_3829.png,٦٠
image_567.png,١٣
image_1136.png,٢٢٢
image_1205.png,٦٦
image_1048.png,٣
image_52.png,٧
image_3652.png,٩
image_1045.png,٩٩٦
image_2182.png,٨
image_2689.png,٤
image_535.png,٨٧
image_3185.png,٣
image_3858.png,٧٩
image_444.png,٩٠
image_3605.png,٩٧
image_196.png,٩٤
image_1116.png,١٣
image_766.png,٢٠
image_1946.png,١٠
image_3248.png,٩
image_3003.png,٦
image_1433.png,٨
image_4201.png,٥
image_3096.png,٢٣٣
image_2923.png,٦٠
image_645.png,٢٨٤
image_1050.png,١٩
image_3746.png,٧٥٠
image_4094.png,٨٠
image_4404.png,٢٥
image_121.png,١
image_2053.png,٧
image_4259.png,٤
image_4889.png,٢٨
image_4335.png,٣٤
image_4692.png,٣
image_135.png,١٨٥
image_2461.png,٦١
image_1955.png,٧٠
image_2464.png,٥
image_185.png,٢
image_1393.png,٨
image_2277.png,٩
image_512.png,٠
image_4730.png,٧٠
image_4055.png,٢٩٨
image_3138.png,٨٥٦
image_2670.png,٩١١
image_4774.png,٦
image_4862.png,٤٢
image_2118.png,٤
image_252.png,٠
image_3527.png,٢
image_3560.png,٨١
image_4012.png,٠
image_1508.png,٧
image_123.png,٤٩٩
image_4260.png,٤٨
image_3334.png,٩٥
image_1872.png,٩
image_3693.png,٨٤
image_568.png,٥
image_1372.png,١٠
image_3186.png,٩
image_3956.png,٧
image_1057.png,٥
image_857.png,٩٦
image_3839.png,٦٠
image_2861.png,٦٠٨
image_4770.png,٤
image_777.png,٨
image_721.png,٢
image_2711.png,٥
image_2655.png,٠٥
image_4878.png,٣٨
image_603.png,٠
image_3823.png,٣٢
image_1245.png,٨٤٦
image_4846.png,٤
image_4842.png,٣٦٨
image_319.png,٢
image_829.png,٤٥
image_3264.png,٩٠
image_275.png,٢٧٤
image_2665.png,٣
image_550.png,٣
image_3642.png,٧٦
image_4054.png,٣٨٤
image_4893.png,٢
image_2935.png,٢٢٠
image_606.png,٦
image_897.png,٩٤
image_528.png,٣٩
image_4608.png,٣٢
image_2348.png,٢
image_3440.png,٢٥
image_4999.png,٦٠
image_4827.png,٨٥
image_3923.png,٢
image_299.png,٨
image_2120.png,٧
image_2537.png,٣
image_4204.png,٨٢١
image_3255.png,٤
image_3726.png,٧
image_1261.png,٤
image_1559.png,١٨
image_3270.png,٢
image_4047.png,٦
image_757.png,٦٠
image_1011.png,٠
image_2795.png,١
image_2906.png,٢٩
image_1871.png,٠٤٦
image_2230.png,٨٢
image_1174.png,٧
image_1833.png,٢٦١
image_377.png,٥
image_3854.png,٦
image_3617.png,٦٩٥
image_799.png,٨
image_379.png,٣
image_1159.png,٢٠٧
image_3820.png,٧٠١
image_2793.png,٩٣
image_2241.png,٦
image_4036.png,٨٥
image_2663.png,٥
image_4013.png,٤
image_2958.png,١
image_3928.png,٦٩٧
image_1039.png,٠٨
image_3260.png,٦
image_1345.png,٦
image_2506.png,٩٩٨
image_1722.png,٨
image_4664.png,٧
image_176.png,٢
image_4894.png,٠٩٦
image_1910.png,٣
image_46.png,٥
image_3410.png,٣
image_4675.png,٠٨٢
image_1076.png,٥
image_2830.png,٠٧
image_1505.png,٤٤٠
image_2310.png,٢
image_1437.png,٤٨
image_2419.png,٤٩
image_3987.png,٩٨
image_3099.png,٦٦
image_4589.png,٢٨
image_284.png,١
image_4919.png,٩
image_843.png,٢
image_1514.png,٤٦
image_1169.png,٨٣
image_1593.png,٠٦
image_3461.png,٨
image_3166.png,٩
image_2285.png,٥
image_3576.png,٢
image_4871.png,٦
image_2306.png,٤٣
image_953.png,٠٤٦
image_4943.png,٥٦٨
image_3054.png,١
image_4560.png,٢٦
image_2686.png,٨
image_1490.png,١
image_928.png,٣١٥
image_1210.png,٩٠
image_3974.png,٢١
image_3546.png,٣٤
image_4362.png,٧٧
image_1922.png,١١٠
image_352.png,٢
image_4899.png,٢١٧
image_3394.png,١٩
image_2722.png,٦٤
image_4982.png,٨
image_719.png,٣٢
image_2703.png,١
image_2723.png,٣
image_4562.png,٨
image_309.png,٧
image_1676.png,٧٦٤
image_834.png,٦٤
image_367.png,٧
image_4507.png,٩٣
image_2079.png,٩
image_4039.png,٧
image_4847.png,٧٧
image_4480.png,٢٣
image_1747.png,٧
image_20.png,١
image_1323.png,٥
image_3568.png,٣٣٩
image_2522.png,٠
image_219.png,٧٩
image_1488.png,٩١
image_439.png,٦
image_4175.png,٣١٤
image_2751.png,٦
image_3289.png,٨
image_3434.png,٩٠٦
image_2526.png,٤٩
image_4651.png,٨
image_3689.png,٤٤
image_2764.png,٠٠
image_803.png,٦
image_2998.png,٠
image_2229.png,٦٨٩
image_4786.png,٤٣٥
image_2078.png,٣٦
image_583.png,١٦
image_204.png,٥١٩
image_4347.png,٣
image_3479.png,٤٦
image_2930.png,١٣
image_3086.png,٤٣
image_1019.png,٥٩
image_1584.png,٢
image_1033.png,٢٩
image_1719.png,٨
image_1282.png,٤
image_2499.png,٨٠
image_3351.png,٦
image_518.png,٦٢
image_1748.png,٦
image_4653.png,٩٥٤
image_3733.png,٤٠
image_669.png,٠٧
image_4060.png,١٨
image_3027.png,٧٤
image_4933.png,٠٣٦
image_3287.png,٤٥
image_2651.png,٧
image_4454.png,٢٥
image_3193.png,١٧
image_2125.png,٢٤
image_3376.png,٧٤٦
image_3393.png,٠١٥
image_3486.png,٣
image_760.png,٣١
image_3380.png,٤٨
image_4441.png,٤٧
image_2527.png,٨٨
image_4859.png,٩
image_908.png,٦
image_2684.png,٤٣
image_215.png,٩
image_3332.png,٣٢
image_4459.png,٦٦
image_694.png,٥
image_1504.png,٨٠
image_2415.png,٧٨٤
image_2119.png,٢٩
image_3859.png,٣٤
image_2463.png,٨٩
image_3636.png,٦٢
image_4106.png,١
image_4479.png,١٠١
image_197.png,٣٧
image_4668.png,٩٧
image_1544.png,٦٠
image_1331.png,٨٨
image_880.png,٥
image_4503.png,٢٨
image_3502.png,٩٧
image_3895.png,٦
image_4991.png,٢
image_888.png,٧٣
image_1346.png,٥
image_69.png,٠١٨
image_4211.png,٣٢
image_1816.png,٧٢
image_569.png,٧٥٦
image_2168.png,٠٤٦
image_97.png,٤
image_4182.png,٥
image_3354.png,٨٧
image_140.png,٥١
image_4955.png,٧٧
image_2603.png,٤١٥
image_4024.png,٦٠٠
image_4773.png,٢٥٦
image_1607.png,٥
image_1630.png,١
image_1540.png,٦
image_1695.png,٣٦
image_2060.png,٣٦
image_464.png,٥٥١
image_2331.png,٤
image_3044.png,٣
image_4735.png,٠٨
image_595.png,٣
image_3815.png,٢
image_626.png,٧
image_451.png,٩١
image_1500.png,٢
image_2457.png,١٣
image_4723.png,٩٧٢
image_2985.png,١
image_1570.png,٤
image_1035.png,٧
image_3519.png,٢
image_1558.png,٣
image_3625.png,٣٤
image_4665.png,٦٤
image_151.png,٦٤
image_1421.png,٨٤
image_2012.png,٧
image_2687.png,٩٠
image_1787.png,٤٤
image_89.png,٨
image_458.png,١
image_1306.png,٠
image_2926.png,٥٨٠
image_3271.png,٥٤
image_3228.png,٧٠٥
image_1989.png,٨
image_3755.png,٥
image_3647.png,٦٤
image_832.png,٧
image_240.png,٨
image_4682.png,٧٦٢
image_3023.png,٦٩
image_3149.png,١
image_1947.png,٥٩
image_2776.png,٦
image_193.png,٢٨
image_4850.png,٤
image_4940.png,٨٠
image_945.png,٠
image_1269.png,٩٣
image_4232.png,٣١٩
image_2308.png,٩٠
image_4425.png,٩٩
image_4712.png,٥
image_2314.png,٨١
image_3215.png,٤٢٨
image_2733.png,٧٣
image_1927.png,٤
image_4228.png,٨
image_4677.png,٧
image_801.png,١
image_3672.png,٩٢
image_4194.png,١٥
image_2969.png,٣٢
image_4794.png,٧٤٧
image_4369.png,٦
image_2777.png,٠
image_2971.png,٣٢
image_3868.png,٢٤
image_1744.png,٥٢
image_3949.png,٠٤
image_3803.png,٧٥٨
image_2025.png,٦
image_2275.png,٩٢٥
image_100.png,٨٩
image_4922.png,٠
image_3408.png,٥٦٨
image_4246.png,٠٢
image_4620.png,٧٣
image_4917.png,٣٨
image_192.png,٥
image_4697.png,٤
image_1785.png,٠٦
image_1533.png,٨٣
image_2835.png,٧
image_4445.png,٥
image_4916.png,٥٤
image_1599.png,٦
image_1780.png,٧
image_4901.png,٩
image_2575.png,٠١٢
image_3399.png,٦٨٦
image_3976.png,٤١
image_3771.png,٢٤
image_167.png,١٧
image_1752.png,٩٦٤
image_1480.png,٤٢
image_1025.png,٨٦
image_1789.png,٤
image_2265.png,٥٦٨
image_2474.png,٤٥٧
image_1823.png,٢٦
image_1221.png,٧
image_1667.png,٧
image_2961.png,٤١٧
image_153.png,٩
image_2535.png,٤٤
image_4689.png,٧
image_1979.png,١
image_1470.png,٨
image_2808.png,١
image_2513.png,١
image_2944.png,٦٠
image_2981.png,٩
image_4823.png,٥٨
image_3018.png,٨٠
image_1567.png,٥٥
image_32.png,٣
image_938.png,٦٠٣
image_1216.png,٣
image_1938.png,١٩
image_1130.png,٢
image_310.png,٤
image_4902.png,٨
image_2169.png,٨٩
image_3114.png,٥
image_496.png,٨٨٧
image_206.png,٩٠
image_2674.png,٨٦
image_3358.png,٤٦
image_3831.png,٢
image_306.png,٨
image_3794.png,٨
image_2202.png,٩
image_1062.png,٦
image_844.png,٦٠٩
image_3873.png,٠
image_2252.png,١
image_212.png,٤٢
image_3998.png,٦
image_680.png,٥٩٢
image_566.png,٠
image_3291.png,٦
image_4355.png,٧٩
image_681.png,١٩
image_181.png,٤
image_4280.png,٩
image_2496.png,٦
image_2317.png,٦
image_4274.png,٥٥
image_279.png,٧٠٣
image_3684.png,٠٧
image_4763.png,٦
image_433.png,٢
image_290.png,١٧
image_1028.png,٥٩
image_536.png,٠٨
image_3632.png,٩٠٧
image_189.png,٦
image_2175.png,٣
image_3916.png,٨٠
image_1863.png,١
image_271.png,٩٤٤
image_1729.png,٤٢٩
image_4076.png,٣
image_2158.png,٠٩
image_3932.png,٠
image_112.png,٣١٤
image_2385.png,٨٧
image_221.png,٨٥
image_628.png,٠
image_1182.png,٦
image_3382.png,٤
image_2423.png,٧٠٠
image_791.png,٣٣٤
image_4276.png,٣٠
image_462.png,٧٨٧
image_4403.png,٧٦٣
image_552.png,٤٢
image_3130.png,٨
image_1445.png,١٧
image_199.png,٥٤٤
image_2590.png,٣٤
image_403.png,٥
image_3960.png,٣٤
image_4190.png,٨
image_4764.png,٦٨
image_2096.png,٤٦
image_2901.png,١٥٠
image_4463.png,١٣
image_651.png,٣٩
image_709.png,١
image_1481.png,٨
image_4415.png,٩٨
image_3066.png,٢٢٦
image_2396.png,٩
image_1770.png,٢١
image_315.png,١٥٠
image_3762.png,٦
image_4910.png,٣٤٠
image_114.png,٥٢٣
image_961.png,٧٤
image_2911.png,٣
image_3406.png,٥٥٨
image_1624.png,٦
image_3323.png,٧
image_5000.png,٨١
image_1819.png,٣
image_3195.png,٧٥
image_3008.png,٥٠
image_3415.png,١٥
image_4529.png,٤
image_1898.png,٣
image_1919.png,٧
image_1271.png,٨٣
image_4177.png,٩٠
image_4963.png,٢٩
image_4884.png,٧
image_4095.png,٣٧
image_3160.png,٨٧
image_1814.png,٥
image_2427.png,٣١
image_3951.png,٣٨٩
image_4429.png,٨٨١
image_2143.png,١١٨
image_1627.png,٧
image_790.png,٨٢
image_3787.png,٠٣٧
image_1865.png,٣٩
image_2866.png,١
image_872.png,٩٥
image_3272.png,٠٤٨
image_3834.png,٨٤
image_74.png,٤
image_1753.png,٠
image_1422.png,٩١٧
image_4222.png,٢
image_4694.png,٦٠
image_4370.png,٩٨
image_4576.png,٤١
image_3810.png,٥٩٩
image_2245.png,٥٣
image_3048.png,١٠٨
image_2446.png,٦٨٥
image_495.png,٧
image_3131.png,٣٦
image_4322.png,٣٢٤
image_4398.png,٣٨٥
image_1165.png,٧٦١
image_3735.png,٨
image_1731.png,٠٠
image_4813.png,٧
image_2403.png,١٩٨
image_3404.png,٤
image_619.png,٥
image_1698.png,٧٨
image_3594.png,١
image_1958.png,٢٦
image_1222.png,٩
image_2074.png,٠٨
image_3411.png,١١٠
image_870.png,٩٦
image_2719.png,٨٨
image_1043.png,٢٠٤
image_1362.png,٣٦
image_357.png,٩
image_1163.png,٥
image_2766.png,٧٢
image_3253.png,٠
image_1439.png,٠٦
image_3604.png,٠٥
image_4941.png,٥٧٤
image_4594.png,٥٨
image_3640.png,٧٧٩
image_1254.png,٣٥
image_3366.png,٧٠
image_333.png,٠
image_3695.png,٤٢
image_3569.png,٤
image_2729.png,٨٥
image_3668.png,٣
image_1631.png,٣
image_1117.png,٢
image_1850.png,٥٢
image_3555.png,٢٩٨
image_3154.png,٧
image_3266.png,٢
image_1666.png,٤٧
image_446.png,٥
image_2246.png,٠٨٥
image_453.png,٨
image_1552.png,٤
image_4435.png,٠
image_2955.png,٤٤
image_15.png,٤
image_3629.png,٤٤
image_946.png,٩
image_248.png,٧
image_4698.png,٤٨
image_361.png,٠٧
image_4657.png,٥
image_1615.png,٦١٧
image_2304.png,٦
image_4142.png,٤٠
image_3169.png,٤
image_2479.png,٠٦
image_4215.png,٧
image_4181.png,٣٠
image_4885.png,٠
image_3164.png,٩٢٥
image_491.png,٧٣
image_863.png,٤٠
image_1741.png,٢٦٧
image_4100.png,٢٩
image_4386.png,٢
image_2448.png,٩٥٩
image_4231.png,٠
image_507.png,١٤
image_2678.png,٣٢
image_2996.png,٥٥٢
image_1943.png,٨
image_1223.png,٣٥
image_1114.png,٠٤
image_1906.png,٥٧٢
image_3424.png,٠٧
image_1878.png,٥٧
image_4673.png,٤
image_434.png,٦
image_2365.png,٥٧
image_3155.png,٩
image_2836.png,٥٥٢
image_2093.png,٠٠
image_3011.png,١٣
image_3163.png,٥٩
image_2946.png,٧٣١
image_3917.png,٩٢
image_2917.png,٩٧
image_1103.png,٧
image_1449.png,٢٨٥
image_1721.png,٢
image_4519.png,٧٥
image_3843.png,٣
image_157.png,٧٧٧
image_2979.png,٧
image_1774.png,٣٩٧
image_616.png,٠٧٨
image_644.png,٥
image_1936.png,٣٥
image_4278.png,٠
image_1069.png,٦٤
image_4455.png,٢٥٦
image_4155.png,٩
image_4240.png,١
image_4869.png,٨٩
image_331.png,٥٤
image_2058.png,٠٨
image_2647.png,٠
image_2192.png,١٤
image_623.png,٧
image_1596.png,٢
image_2916.png,٦
image_4822.png,٤٤
image_3899.png,٤٢
image_1920.png,٨
image_4174.png,٤
image_4478.png,٧٧
image_756.png,٠٣٦
image_519.png,٠
image_3804.png,٦
image_33.png,٧٠
image_2938.png,٢١١
image_1158.png,٨٦
image_745.png,٤٤
image_1498.png,١٨
image_3460.png,٨٣٥
image_3756.png,٢٩
image_2592.png,٢٩
image_784.png,٠٨٩
image_3494.png,٧
image_2950.png,٥٦
image_230.png,٥٢٠
image_858.png,٥٦
image_2267.png,٠١
image_4275.png,١
image_409.png,٩٥
image_171.png,١٩٢
image_541.png,٧٥
image_2211.png,٣٥
image_2305.png,٧
image_2568.png,٩٥٠
image_614.png,٣٥٣
image_2102.png,١
image_1809.png,٣
image_3439.png,٦
image_1162.png,٧
image_4226.png,٩٩
image_3120.png,٣٧٦
image_3653.png,٠٣٨
image_1611.png,٠
image_1933.png,٦
image_3028.png,١٦
image_565.png,٢٤
image_3572.png,٠٨
image_4248.png,١٣
image_2389.png,٨
image_1472.png,٢
image_2631.png,٩٤
image_1836.png,٨٩
image_4929.png,١
image_3476.png,٠
image_1534.png,٩٥
image_4328.png,٩
image_2485.png,١٠
image_4208.png,٩٩
image_1173.png,٦٥
image_1428.png,٤٦٢
image_326.png,٦٤٩
image_1052.png,٦٧٢
image_3320.png,٠٦٣
image_4722.png,٠٣
image_3865.png,١١١
image_2604.png,٦٠١
image_1739.png,٩٦
image_1197.png,٨
image_621.png,٥
image_1375.png,٤
image_2880.png,٢٤٣
image_1190.png,٩
image_329.png,٩٨
image_649.png,٢٢١
image_898.png,٢٦
image_3883.png,٧٦
image_1124.png,٧٢
image_1892.png,٥
image_4644.png,٢٢
image_4792.png,٦
image_4530.png,٩٧
image_4235.png,٠
image_1594.png,٥
image_3313.png,٦
image_2548.png,٩٠
image_1546.png,٤٧
image_4337.png,٠
image_1024.png,٩٥٤
image_1972.png,٣٣
image_4989.png,٦
image_1715.png,٧
image_1718.png,٠٧
image_1478.png,٥
image_810.png,٨٣
image_2851.png,٩٦
image_979.png,٣
image_4688.png,٣٦
image_4896.png,١٧
image_1685.png,٠٤٣
image_4661.png,٢٧
image_1515.png,٤٨٧
image_2405.png,٧
image_2022.png,٣٨٦
image_4554.png,٥
image_1768.png,٨
image_175.png,٧٠
image_1555.png,٦
image_4216.png,١٩
image_1483.png,٠٥٠
image_4462.png,٩٥٢
image_218.png,٥
image_3915.png,٠
image_3721.png,٠
image_691.png,٩٧٨
image_2578.png,٥
image_2234.png,٥٠
image_2239.png,٨٢٢
image_1107.png,٩
image_1790.png,٨
image_3189.png,٢
image_2437.png,٥
image_612.png,٩٧
image_3661.png,٦
image_3712.png,٨٨٢
image_577.png,٤٢
image_2064.png,٨٨١
image_4436.png,٢٤٩
image_1181.png,٢
image_889.png,٩٩
image_3129.png,١
image_1733.png,٧١
image_2664.png,٩٩٧
image_818.png,٨٩
image_3278.png,٢٨
image_1860.png,٠
image_209.png,٧
image_294.png,٣
image_1120.png,٩
image_2214.png,٩
image_1610.png,٤٤١
image_1265.png,٨١٤
image_991.png,٣٦
image_4198.png,٨
image_1617.png,٤٨
image_354.png,٨
image_4558.png,٩
image_2023.png,٧٢٠
image_3691.png,٥١
image_2556.png,٧٤٠
image_3049.png,٤٤٢
image_1229.png,٢٣
image_260.png,٢٣٣
image_1520.png,١٤
image_1778.png,٠٢
image_4740.png,٧٩
image_1771.png,٧
image_4354.png,٢
image_53.png,٤٣
image_3474.png,٢١
image_4684.png,٤
image_4412.png,٣٢
image_2410.png,٥
image_2788.png,٤٦
image_2345.png,٦٣
image_1034.png,٥
image_1098.png,٧
image_544.png,٤
image_1047.png,٣٤
image_1895.png,٩٧
image_4377.png,٢٦٥
image_31.png,١٢٣
image_726.png,٥
image_4962.png,٨٠
image_4719.png,١٢
image_3904.png,٠٧
image_1427.png,٢٠
image_2498.png,٥١
image_437.png,٨٤
image_2471.png,٨٣٨
image_913.png,٤
image_4223.png,٩٥
image_4353.png,٩٨
image_4513.png,٧٨٢
image_4444.png,٠
image_2288.png,٢٣
image_4598.png,٦٥
image_1239.png,١٢٣
image_904.png,٠
image_3621.png,٣٣
image_3232.png,٥٢٢
image_2860.png,٢٥
image_508.png,٠
image_3222.png,١٠٨
image_184.png,٩٥٢
image_1565.png,٣٧
image_2705.png,٨
image_322.png,٢٢
image_3564.png,٧
image_1539.png,٩
image_1838.png,٥٣
image_2381.png,٠
image_1913.png,٦
image_1841.png,٤٥٧
image_2116.png,٠٩٨
image_4438.png,٠٧
image_1147.png,٣٧
image_2487.png,٨
image_45.png,٠٤٠
image_2155.png,٥
image_1527.png,٢
image_4856.png,٤
image_1379.png,٤٧
image_1766.png,٥٤
image_3013.png,٣٠
image_414.png,٢٤٥
image_4285.png,٨٦
image_1408.png,٩٣٢
image_1659.png,٥
image_802.png,٨٠
image_1289.png,٥
image_2183.png,٣٨٩
image_2589.png,٣
image_2616.png,٨٩
image_2319.png,٦
image_257.png,٥٥
image_4542.png,١
image_1730.png,٥٤
image_1152.png,٢٣
image_4145.png,٠
image_648.png,٩٢
image_2909.png,٤
image_1703.png,٨٢
image_1882.png,٢
image_3769.png,٣
image_1316.png,٠٣
image_2270.png,٦٤
image_1967.png,٨٧
image_2466.png,٨٢
image_3856.png,٢
image_1351.png,٧
image_3297.png,٦٣
image_113.png,٧
image_3134.png,٦١
image_264.png,٦٦٠
image_1394.png,٩٩
image_1879.png,٧
image_1187.png,٧٩
image_3072.png,٣
image_57.png,٥٠٥
image_1310.png,٤١٢
image_696.png,٢٥٩
image_2953.png,٧١
image_1727.png,٦
image_2092.png,٣٩
image_3870.png,٥٨
image_320.png,٤٣
image_4321.png,٥٤
image_683.png,٤
image_3842.png,١٦
image_3214.png,٠٣٦
image_2003.png,٩٧٢
image_4783.png,٦
image_4151.png,٠٤
image_287.png,٠
image_1889.png,٥٦٧
image_2338.png,١١٣
image_2521.png,٩٦
image_2278.png,٥٣
image_2128.png,٦٦
image_3500.png,٠٠٩
image_4212.png,٥٧١
image_2084.png,٣٥
image_737.png,٧٩
image_4802.png,٢٨٠
image_337.png,٢٢٨
image_2597.png,٤
image_2772.png,٢
image_3705.png,٩
image_4405.png,٧
image_1072.png,٠٥٨
image_2291.png,١١
image_1673.png,٢٥
image_4084.png,٥٨٩
image_4251.png,٩
image_4114.png,٤
image_4409.png,٧٠
image_3367.png,٣٢
image_1489.png,٩
image_499.png,٠
image_4383.png,٠٦
image_3480.png,١
image_2582.png,٠
image_3124.png,٦٤
image_2922.png,١
image_4378.png,٤٥
image_2645.png,٣٧٠
image_4287.png,١٩
image_4041.png,٨٣
image_2035.png,٦
image_1023.png,٢٩
image_2283.png,١٨
image_4887.png,٨٠
image_4220.png,٩
image_3064.png,١
image_4366.png,٨٠٦
image_666.png,١
image_3933.png,٣١
image_2639.png,٣٠
image_3177.png,٥
image_4266.png,٤٨
image_3122.png,٧
image_1018.png,٠٤
image_558.png,٠
image_2400.png,٨٤٠
image_1208.png,٥٩
image_2006.png,٠٢
image_2657.png,٣٤
image_2136.png,٩
image_1511.png,٦٢
image_1737.png,٣٤
image_246.png,٨٨
image_1164.png,٣٨
image_3363.png,٥٠١
image_267.png,٤٧
image_2367.png,٤٤٧
image_1115.png,٩
image_64.png,٩٧٨
image_2593.png,٦٦٤
image_2789.png,١
image_2758.png,٥
image_3012.png,٩٤
image_3077.png,٥
image_2999.png,٦٠
image_2816.png,٩
image_2260.png,٦٩
image_4959.png,٥٦٠
image_3205.png,٢١٥
image_1238.png,٠
image_104.png,٦٦٣
image_2644.png,٢٢
image_273.png,٢٣
image_509.png,٢
image_2227.png,٢
image_4934.png,٠٣
image_2442.png,٦٤٧
image_866.png,٢
image_3327.png,٩٦٩
image_909.png,٠٦٠
image_2115.png,٨
image_3897.png,٠٢٥
image_1628.png,٦٨٨
image_2874.png,٤٢
image_1523.png,٣٩
image_836.png,٢
image_359.png,٩٨
image_139.png,٢٨٠
image_300.png,٦٨٥
image_1557.png,٤١
image_1004.png,٤٣
image_383.png,٨٢٦
image_942.png,٤١
image_4447.png,١٩٢
image_4855.png,٦
image_762.png,٩
image_1706.png,٧٣
image_1874.png,٨٤
image_2551.png,٢٧٠
image_2087.png,٩٨
image_2198.png,٤
image_899.png,٣١٢
image_4000.png,٩٠
image_3616.png,٧٩
image_1403.png,٦٣
image_3874.png,٩
image_3786.png,٥
image_4387.png,٥٧
image_2956.png,٧
image_1513.png,٢
image_1189.png,٨٤
image_2990.png,٤٠١
image_2081.png,٨٧
image_4984.png,٣١
image_3438.png,٨٩٠
image_109.png,٤٨
image_4699.png,٩٦٣
image_2828.png,٦
image_4748.png,٢٤
image_59.png,٣٠
image_77.png,٢٠٣
image_797.png,٥٨
image_369.png,٦
image_4906.png,١٤٠
image_786.png,٤١٨
image_2089.png,٧
image_2315.png,٣
image_3385.png,٨٢
image_3606.png,٦٩
image_4112.png,٧
image_1903.png,٢٦٧
image_1704.png,٤
image_122.png,٦٥٢
image_1845.png,٦٣
image_2370.png,٩٠
image_3729.png,٥
image_911.png,٣٦٦
image_125.png,٤
image_2573.png,٤٠٠
image_1587.png,٨
image_1258.png,٠
image_3442.png,٠٩١
image_3481.png,١١٤
image_4109.png,٣
image_1179.png,٢
image_3464.png,٦١
image_3470.png,٣٢
image_3468.png,١
image_2104.png,٦٤
image_443.png,٥
image_2228.png,٤
image_4417.png,١٤
image_926.png,٢٤٣
image_4021.png,٧٣٦
image_2146.png,٧٤
image_4771.png,٨٤٢
image_1412.png,٠٩
image_3467.png,٠١
image_2073.png,٤
image_1510.png,٠٨٢
image_1228.png,١
image_4073.png,٥
image_2586.png,٦٧٧
image_4451.png,٠٨
image_2952.png,٨٨
image_3886.png,٩٣٨
image_325.png,٢
image_3978.png,١٥٢
image_3577.png,٥
image_2212.png,٦٣
image_3299.png,٦٨
image_3036.png,٤
image_1499.png,٥٧
image_1503.png,٨
image_1007.png,٣
image_4180.png,٨٨
image_3014.png,٥
image_3517.png,٩١
image_1468.png,٧
image_1226.png,٢٤
image_3168.png,٨٤٧
image_2268.png,٦
image_3809.png,٣٠
image_1217.png,٦
image_3977.png,٩
image_4585.png,٩٣٥
image_421.png,٠٥
image_3423.png,٦
image_7.png,٩
image_933.png,٢
image_1692.png,١٥
image_440.png,٧٩٨
image_1314.png,٤
image_679.png,٤٨١
image_1944.png,٤٨
image_4611.png,٩
image_3304.png,٠٧
image_2269.png,٩
image_4634.png,٣٦
image_4081.png,٣١٧
image_2519.png,٣٤
image_2440.png,٥٨
image_4038.png,٧
image_1894.png,٥٢
image_4245.png,٨٤
image_4830.png,٧
image_2641.png,٩
image_195.png,٧١
image_1475.png,٥
image_4617.png,٠٠٤
image_1212.png,٥٥
image_2439.png,٤
image_1658.png,١٢
image_2701.png,٣١
image_3083.png,٧
image_2706.png,٠٥
image_4227.png,٨
image_2843.png,٣٧
image_2303.png,٥
image_1131.png,٧٤١
image_1462.png,٩
image_277.png,٠٦٠
image_2223.png,٠٤
image_2332.png,١٣٤
image_4323.png,٨
image_1303.png,٤٥٦
image_2518.png,٦٢
image_223.png,٥٧
image_2037.png,٣
image_1925.png,٥٨
image_574.png,٩١
image_1237.png,٨٤٩
image_3545.png,٧٣
image_2134.png,٧٠
image_1335.png,٥
image_2458.png,٣٤٦
image_419.png,٤٣٧
image_4915.png,٠
image_1105.png,٤
image_258.png,٨
image_296.png,٦٣
image_2362.png,٥٢
image_387.png,١٤
image_3309.png,٨٢
image_4014.png,٠
image_2232.png,٧
image_2555.png,٤٣٧
image_4336.png,٦
image_3516.png,٢٨
image_1840.png,٤٠٠
image_4385.png,٣
image_1564.png,٣
image_2016.png,٣٩٢
image_1401.png,٥٦
image_713.png,١٧
image_2421.png,٩٦
image_2620.png,٨
image_210.png,١٤٥
image_4945.png,٢٠
image_1290.png,٤٥
image_450.png,٠
image_4092.png,٨٣١
image_2570.png,٦
image_1821.png,٥
image_959.png,٧٢
image_1794.png,١٤
image_4787.png,٣٥٩
image_655.png,٣
image_2408.png,٣
image_3853.png,٨
image_1996.png,٩
image_1761.png,٢
image_2355.png,١٧٨
image_2742.png,٣
image_2618.png,٦١
image_412.png,٨٥
image_1775.png,٤
image_3979.png,١٣
image_2187.png,٧٦٦
image_2380.png,٤٥
image_3964.png,٧٠
image_4312.png,١٨
image_4775.png,٦٠
image_3703.png,٥٠
image_3973.png,٨
image_4766.png,٤
image_3559.png,٤١
image_4111.png,٧٣٢
image_3498.png,٢٣٣
image_3766.png,٥٧٥
image_431.png,٥
image_4485.png,٣
image_2322.png,١
image_1367.png,٣
image_1993.png,٨٢٠
image_2852.png,٩١٦
image_1177.png,٧
image_3529.png,٧١
image_1477.png,٧
image_3741.png,٥
image_2046.png,٣٣
image_103.png,١
image_4332.png,٦٠
image_2993.png,٠
image_1264.png,٦
image_2882.png,٠٨
image_3139.png,٣١
image_3623.png,٨٩٨
image_3204.png,٢٢
image_4279.png,٨٣
image_3300.png,٩٢
image_4994.png,٤٤
image_3634.png,٨
image_1644.png,٨٩
image_4506.png,١٨
image_1.png,٩٠
image_1581.png,٧٧٩
image_4423.png,٦٢٧
image_4117.png,٢٨
image_1357.png,٠٤٨
image_4202.png,٥
image_4575.png,٧٠
image_3734.png,٦٥٣
image_2026.png,٠
image_2219.png,٩٠
image_397.png,٣٠
image_4942.png,٧٣
image_1065.png,٣٨
image_3081.png,٣٤٤
image_2154.png,٧
image_819.png,٦
image_1813.png,٠٥
image_2553.png,١٠٠
image_1553.png,٤٩٤
image_4048.png,١
image_817.png,١٧٦
image_1573.png,٠٥٤
image_4553.png,٥٨٤
image_1801.png,٦٩٤
image_4288.png,٤
image_382.png,٢
image_2875.png,٠٩٨
image_4348.png,٣
image_4627.png,٩٧
image_3504.png,٥٤
image_2312.png,٨١٢
image_1781.png,٩٢٩
image_2727.png,٠
image_2438.png,٥
image_2334.png,٢٥٢
image_865.png,١٣٦
image_3639.png,٥٩٤
image_3165.png,٧
image_555.png,٢٤
image_1160.png,٦
image_1214.png,٥٤
image_3761.png,٩
image_4214.png,٥٨
image_49.png,٦
image_2368.png,٤
image_701.png,٣٩
image_653.png,٥٥٤
image_3934.png,٦
image_4410.png,٧
image_3312.png,٧
image_749.png,٨٨
image_1456.png,١
image_4196.png,١٤٤
image_2390.png,٤٥
image_3495.png,٤
image_867.png,٥
image_753.png,٨
image_1645.png,٧٩
image_93.png,٤٢
image_4825.png,٤
image_3102.png,٨
image_2433.png,٦
image_2630.png,٣١
image_1491.png,٧
image_2896.png,٦١٠
image_2178.png,١٧
image_730.png,٣
image_4760.png,٠٥
image_2472.png,٦٨
image_2243.png,٣٤
image_1937.png,٢٣٨
image_1746.png,٥٨
image_4747.png,٩
image_4374.png,١٠٩
image_3492.png,٦
image_1111.png,٠
image_3338.png,٨٤
image_4033.png,٤٧
image_4472.png,٦
image_4158.png,٥
image_347.png,٨٣
image_1186.png,٠٠
image_4007.png,٨٢١
image_1516.png,٠٧
image_4670.png,٧
image_579.png,٢٢٦
image_1965.png,٤٠
image_76.png,٨٨٢
image_1430.png,٤٧١
image_3713.png,٦٣
image_4431.png,٨٠٢
image_2752.png,٩
image_4953.png,٦
image_1847.png,١
image_132.png,٣٢
image_179.png,٩
image_2900.png,١
image_4467.png,٩
image_4195.png,٣
image_2523.png,٧
image_1843.png,٤٠١
image_2099.png,٤٠
image_3950.png,٢٦٤
image_2374.png,٦٠
image_605.png,٨٧
image_2628.png,٣
image_26.png,٨٥٠
image_659.png,٥١
image_4978.png,٣٠
image_3318.png,٦٠٨
image_3869.png,٦٦
image_174.png,٦٥٣
image_1612.png,٠
image_438.png,٩
image_332.png,١٤١
image_3101.png,٢
image_1455.png,٩٣
image_343.png,٦٥٧
image_3210.png,٩٥
image_4577.png,٥
image_1089.png,٧٦
image_480.png,٨
image_728.png,٤٠٨
image_3784.png,١
image_977.png,٠٠٧
image_3785.png,٧
image_2978.png,٨٠
image_1929.png,٤٦٤
image_1469.png,٣٢
image_1225.png,٤
image_2857.png,١٧٤
image_1953.png,٠٧
image_4831.png,٥
image_4501.png,٧٦٠
image_1893.png,١١
image_1300.png,٩٤٤
image_2991.png,٠
image_4600.png,٢٧
image_661.png,٠٨
image_4578.png,٧٩
image_4074.png,٧٥
image_2785.png,٥٨٦
image_4938.png,٦٢٨
image_3828.png,٤٤
image_2715.png,٧٤
image_4658.png,٤٩
image_268.png,٢
image_4443.png,٦
image_4960.png,٣١
image_3373.png,٢٣٨
image_3596.png,٠٣
image_4317.png,٥٠
image_3723.png,٥
image_3407.png,١٩٠
image_1279.png,٧٠
image_4641.png,١
image_3918.png,٩
image_2679.png,٧٧٩
image_1622.png,١٣٤
image_4104.png,٧٥
image_2858.png,٣٧
image_1897.png,١
image_3925.png,٢
image_3015.png,٠٩٦
image_4439.png,٤
image_68.png,٠
image_2043.png,٧٨
image_2581.png,٣٩
image_3783.png,٢٧
image_3791.png,٣٥
image_821.png,٢٣
image_1227.png,٦٠٦
image_2992.png,٤
image_3133.png,٠
image_2744.png,٦
image_4458.png,٢
image_4270.png,٢
image_3350.png,٤٩٤
image_1144.png,٨
image_398.png,٥٥٨
image_2907.png,٢٨
image_4302.png,٦
image_2760.png,٤٩٣
image_1399.png,٥
image_1660.png,٥
image_980.png,٥
image_1299.png,٣
image_3556.png,٧٤٢
image_83.png,٣
image_4508.png,٢
image_2459.png,٩٠٢
image_3740.png,٧
image_3782.png,٧
image_2289.png,٤٩
image_424.png,٥٩
image_4340.png,٢٣
image_1905.png,٢٦
image_4539.png,١١
image_3353.png,٩
image_3103.png,٩٩
image_1566.png,١٤٠
image_3356.png,٠
image_840.png,٠
image_501.png,٥١٣
image_142.png,٦٦
image_1378.png,١٤
image_3698.png,٣٩
image_2145.png,٠٨
image_1139.png,١٣
image_2928.png,٣
image_1788.png,٣٤٢
image_3485.png,١
image_551.png,٧٣
image_4907.png,٧
image_2020.png,٠٥
image_949.png,٦
image_2601.png,٤٠
image_533.png,٩٦
image_1830.png,١
image_2918.png,٨٣
image_4419.png,٦
image_3872.png,٢٩
image_1603.png,٩٧٣
image_640.png,٧٣
image_4833.png,٣
image_968.png,٣٨٨
image_4238.png,١٤
image_2698.png,٤٧
image_1684.png,٩
image_4471.png,٣٧
image_2343.png,٧٢
image_156.png,٤٧
image_2488.png,٥
image_4642.png,٩٤٩
image_1090.png,٠
image_2656.png,٩٣٢
image_4241.png,٥٤
image_289.png,٦
image_931.png,٢٧
image_2536.png,٤١
image_4029.png,٦٢
image_3372.png,٤٣٨
image_4622.png,١٨٦
image_3292.png,٦
image_943.png,٤٦
image_3860.png,١٥
image_4663.png,٨٢
image_1699.png,٨٥٤
image_4709.png,٠٠
image_3201.png,١١١
image_4602.png,٩
image_4609.png,٩٤
image_986.png,٦
image_3319.png,٥
image_2868.png,٠١٩
image_4057.png,٥
image_4778.png,٩٣٢
image_982.png,٣٨
image_2493.png,٢٦
image_3793.png,٤
image_3549.png,٨٢
image_2943.png,٧
image_3528.png,٦
image_3846.png,٦
image_1458.png,٩٨
image_1396.png,١
image_265.png,٠
image_4096.png,٥١
image_930.png,٦٥٥
image_4872.png,١٩٩
image_2693.png,١٥٩
image_247.png,٥٥
image_3590.png,٣
image_1759.png,٩
image_4866.png,٠٢٤
image_2811.png,٢
image_924.png,٩٤٨
image_2881.png,٠٣٠
image_269.png,٩
image_670.png,٢١١
image_4476.png,٥٥٧
image_1911.png,١٤٧
image_2986.png,٠
image_1153.png,١
image_4818.png,٧٨
image_3456.png,٠
image_4242.png,٨٠
image_4550.png,٢٧
image_2173.png,٢٩
image_4516.png,١
image_1916.png,٧٢
image_613.png,١٢٢
image_2407.png,٢٥
image_4206.png,٤٥٩
image_1899.png,٥٠
image_1650.png,١
image_2608.png,١١١
image_259.png,٨
image_848.png,٧٤
image_4252.png,٠٩
image_1234.png,٤
image_1128.png,٨
image_1968.png,٢٦
image_559.png,٠٤٨
image_3906.png,٧
image_485.png,٥٦٣
image_1321.png,٦٦٦
image_3405.png,٥٠٤
image_8.png,٥٤
image_3280.png,٢٢٤
image_3190.png,٠
image_1451.png,١٢
image_3981.png,٥
image_1815.png,٢٧
image_774.png,٤٧
image_1012.png,٦٣
image_2819.png,٦٥
image_3276.png,٨٧
image_1992.png,٥
image_1278.png,٥٤٠
image_1784.png,٤٩
image_3106.png,٦
image_447.png,٢٢
image_881.png,٩٤
image_4460.png,٣
image_782.png,٨٣٤
image_1750.png,٥
image_3389.png,٩
image_4882.png,٥٠
image_884.png,٣
image_2945.png,٤٩٥
image_1092.png,٥٢
image_4784.png,٧٧
image_532.png,٣٨٩
image_4023.png,٦٦
image_4422.png,٠٣
image_4099.png,٥٢٧
image_1728.png,٣٨٣
image_611.png,٨٣
image_571.png,٩
image_2672.png,١
image_3719.png,٩٩
image_344.png,٢٨
image_3001.png,٣٨٥
image_3140.png,٨٧
image_435.png,٥٢
image_1904.png,١
image_3805.png,٨٢٨
image_4777.png,٢
image_2070.png,٨
image_1538.png,٢١
image_2253.png,٩٤
image_2347.png,٣٥٨
image_1518.png,٦
image_966.png,٢٦
image_4407.png,٢
image_529.png,٢٠٧
image_177.png,٤٢
image_3483.png,٨٣
image_2544.png,٧٦٧
image_4936.png,٦
image_573.png,٩
image_2300.png,٩٩٣
image_3509.png,٦٢
image_2460.png,٠
image_3610.png,٠
image_4555.png,٢٨
image_2209.png,٦
image_4721.png,٢٤
image_2756.png,٩٥١
image_384.png,٥٦
image_853.png,٢٤٢
image_1881.png,٣٢
image_371.png,٣
image_2379.png,١٦
image_4324.png,٣٩٠
image_1106.png,٣٤
image_3414.png,٠
image_3947.png,٤٩
image_1337.png,٨٣
image_2190.png,٥٩
image_4595.png,٥٠
image_2320.png,٩
image_4706.png,٥
image_3711.png,٥
image_4849.png,٥٠٠
image_1172.png,٠
image_4326.png,٣٢
image_2695.png,٨٤
image_1423.png,٤٦٤
image_2342.png,٣١
image_2652.png,٥٧٢
image_4156.png,٥
image_1465.png,٢٢
image_875.png,٠
image_3340.png,٣
image_4341.png,٦
image_1252.png,٤٩٢
image_2349.png,٧
image_841.png,٦٣
image_4569.png,٨٤٧
image_582.png,٤
image_205.png,٨٢٥
image_1642.png,٦٥
image_2015.png,١
image_906.png,٤
image_632.png,٢٦٩
image_3365.png,٤
image_1975.png,٣١٦
image_163.png,٣٠
image_3173.png,٣٤
image_3613.png,٩٣٦
image_4676.png,٤٧
image_618.png,١١٢
image_4069.png,٤٣٤
image_1432.png,٧٢
image_548.png,٢
image_3335.png,٦٧٣
image_4547.png,٧١
image_4224.png,٤٨
image_2388.png,١٨
image_4244.png,١
image_3996.png,٠٥٨
image_4066.png,٠
image_1862.png,٣
image_641.png,٨٠٤
image_3903.png,٦٦
image_638.png,٦
image_4263.png,٦٣
image_3911.png,١٨٨
image_2987.png,٠٣
image_2097.png,٥٣
image_4612.png,٦٥
image_3076.png,٠
image_3675.png,٦٦
image_2842.png,٧
image_922.png,٩٣٩
image_547.png,١٠٠
image_3667.png,١٠
image_1901.png,٣٢
image_2029.png,٥
image_2302.png,٢
image_1886.png,٢
image_1643.png,٢٢
image_3510.png,٥
image_4810.png,٥٩٩
image_2098.png,١١
image_4358.png,٤
image_3789.png,٣٢
image_4495.png,٣٩٧
image_4968.png,٣
image_837.png,٨
image_602.png,٥٣
image_2185.png,٣٧٠
image_3866.png,٧٣
image_2482.png,٨٦٨
image_4308.png,٣٩
image_1583.png,٨٢٣
image_4267.png,٥
image_2534.png,٦
image_2726.png,٠٩٠
image_1071.png,٨٩
image_1776.png,٤٦
image_4809.png,٠٤
image_1284.png,٢٨
image_3051.png,٥٦
image_4754.png,٧٤١
image_1837.png,٧
image_4243.png,٤٢
image_1020.png,٣
image_4134.png,٨
image_1327.png,٦٧٢
image_476.png,٦٥
image_4272.png,٤٠
image_1652.png,٢٧٤
image_3999.png,١
image_4468.png,٥٥٠
image_2611.png,١
image_2477.png,٩٧
image_2584.png,٧٦٨
image_1374.png,٢
image_740.png,٣١٨
image_3619.png,٨
image_2441.png,٥
image_868.png,٥٤
image_1141.png,٠٥
image_998.png,٠١٩
image_1338.png,١١
image_542.png,٩٢٠
image_1100.png,٠
image_1133.png,٢٠٤
image_4065.png,٢٢
image_2716.png,٣٥
image_2259.png,٢
image_4751.png,٥
image_60.png,٢
image_2884.png,٤٦١
image_1939.png,٨٣
image_2577.png,١١٠
image_4937.png,٨٣٦
image_1079.png,٩
image_3250.png,٣
image_3128.png,٨٦
image_2489.png,٨٧
image_941.png,٨٦
image_1081.png,٩٠٦
image_188.png,٢
image_2635.png,٢٩٤
image_2086.png,٥
image_2250.png,٧
image_4891.png,٥٢
image_2024.png,٣٤
image_3540.png,٩
image_4049.png,٨
image_3607.png,٤٨
image_227.png,٩٠
image_4848.png,٩
image_1930.png,٦
image_3056.png,٩٠
image_4490.png,٣
image_1405.png,٢
image_2180.png,٢
image_698.png,٩
image_1125.png,٠٢
image_3362.png,٢
image_4136.png,٠١٩
image_1779.png,٣
image_2859.png,٦٥٩
image_1038.png,٠٠٥
image_4457.png,٥٤
image_2257.png,٦
image_314.png,٩
image_2282.png,٧٣
image_1417.png,٦٦
image_1037.png,٨١٩
image_2160.png,٠٢
image_4164.png,٥٣٢
image_1755.png,٦٢
image_3113.png,٨
image_2814.png,٢
image_2699.png,٢
image_3208.png,٣٨٣
image_4351.png,١٧
image_3432.png,٤٣
image_1507.png,٨
image_1924.png,٩٤
image_449.png,٨٢
image_4129.png,٧٦٧
image_2529.png,٩٥
image_4970.png,٩١
image_2790.png,٠
image_362.png,٢٥
image_2184.png,٤
image_1135.png,٠
image_3881.png,٨٤
image_2156.png,٢٤
image_1831.png,٧٢
image_1054.png,٦
image_23.png,٥٤
image_2067.png,٧٥
image_1654.png,٨
image_2588.png,٤
image_3211.png,٧
image_4303.png,٠٠٣
image_4037.png,٠
image_2326.png,٤٦١
image_461.png,٨
image_1068.png,٤
image_88.png,٥١
image_1431.png,٦
image_2648.png,٣
image_283.png,٩٤
image_463.png,٢
image_213.png,٠
image_2500.png,٧٠
image_1369.png,٧
image_235.png,٥١٦
image_2771.png,٣
image_598.png,٦٥٠
image_4421.png,٨٢
image_2251.png,٩١
image_4032.png,١
image_2284.png,٣١٣
image_663.png,٥١
image_4964.png,٦٢٨
image_2286.png,٩٣
image_4717.png,٤٦
image_3194.png,٦٥
image_2504.png,٥
image_4044.png,٢٤
image_780.png,٧
image_4020.png,٢٣
image_3427.png,٧٦٤
image_4307.png,٣
image_3197.png,٥
image_4836.png,٣٦٧
image_686.png,٧
image_3170.png,٩
image_3927.png,٩٠٨
image_3435.png,٢٤
image_2172.png,٢٠
image_3690.png,٢٤
image_1851.png,٠١
image_488.png,٧
image_1689.png,٩
image_2231.png,٢
image_3265.png,١
image_2321.png,٩٤
image_783.png,٤
image_522.png,٠٧
image_523.png,٦٤
image_2838.png,٩
image_4540.png,٩
image_2399.png,٨٢٥
image_2208.png,٨٧٠
image_3478.png,٤٩
image_3553.png,٠
image_4088.png,٠
image_2823.png,٢٠
image_1512.png,٧
image_1883.png,٥٥
image_652.png,٤
image_4931.png,٦٩
image_3090.png,١
image_370.png,٤٤٩
image_4998.png,٧١
image_119.png,٠
image_3321.png,٦
image_3035.png,٢٨
image_2217.png,٩٧
image_3543.png,٢١١
image_1614.png,٦٥
image_3152.png,٢
image_963.png,٥٥٧
image_2511.png,٦
image_3832.png,٩
image_2824.png,١٤
image_4344.png,١٤
image_3033.png,٦٣
image_2416.png,٠٥
image_4655.png,٣١
image_4237.png,٩٢
image_2186.png,٠٢
image_3670.png,٧
image_2038.png,٨
image_4363.png,٩
image_773.png,٤٠
image_1285.png,٦
image_4604.png,٨٤٠
image_4795.png,٥٣
image_1415.png,٢٣٧
image_1235.png,٣
image_2700.png,٤٣٢
image_436.png,٩
image_1675.png,٩٢
image_366.png,٨٣
image_2650.png,٣
image_232.png,١٤
image_4268.png,٢
image_4042.png,٧٢
image_4400.png,٩١
image_408.png,٩
image_2091.png,٤
image_87.png,٢٦
image_845.png,٨٩
image_1032.png,٠
image_2856.png,٦٨
image_4110.png,٩٣
image_4397.png,٤
image_3894.png,٧٢
image_2659.png,٩٠٧
image_856.png,٣٩
image_79.png,٢
image_2248.png,٦
image_4571.png,٢٦٢
image_3657.png,٠٤
image_4152.png,٠٦٩
image_3379.png,٠
image_2280.png,٥٤٤
image_2599.png,١٧
image_4160.png,٥
image_3871.png,٠٦
image_3429.png,٦٩
image_2177.png,٢٧٠
image_425.png,٧
image_393.png,٧١
image_4727.png,٠٥٤
image_3694.png,٨٥
image_105.png,٣
image_3995.png,٣
image_4413.png,٤٣
image_1949.png,٠٣٦
image_1460.png,٦٨٤
image_3258.png,٩٨
image_2804.png,٤٠
image_2707.png,٤
image_4790.png,١٥٢
image_1588.png,٨١
image_3660.png,٨٣
image_1732.png,٩
image_4765.png,٤
image_4225.png,٧٠
image_3682.png,٢٦
image_1792.png,٩
image_2356.png,٨
image_1941.png,٤
image_703.png,٨٢٨
image_2443.png,٥٩٣
image_4376.png,٠
image_497.png,٥٦٧
image_465.png,٨٦
image_4072.png,٦٦
image_4334.png,٤١
image_173.png,٤٤٧
image_4944.png,٧
image_4797.png,١
image_2541.png,١٥
image_3263.png,٥
image_4681.png,٩٧
image_2261.png,٩
image_2113.png,٢
image_901.png,٠٩
image_1447.png,٠١
image_3574.png,٨١
image_742.png,١٠
image_2294.png,١٣
image_2453.png,٦٣
image_2623.png,٨٦٢
image_4079.png,٢١
image_1207.png,٠
image_510.png,٣
image_2621.png,٩
image_2803.png,٧٩
image_3314.png,٢٠٢
image_1550.png,٠٤
image_4564.png,٥١
image_2203.png,٣٨
image_2567.png,١٤
image_3893.png,٤١
image_2045.png,٤٩
image_768.png,٢٤
image_4873.png,٥٣
image_3739.png,٧٨
image_422.png,٧
image_124.png,٥١
image_4163.png,٥٤
image_2629.png,٤
image_820.png,٢١
image_1404.png,٨
image_1383.png,٣
image_2149.png,٢
image_1576.png,٥٤
image_1639.png,٨٠
image_1796.png,٦٣٠
image_4816.png,٠٣١
image_400.png,٨
image_2311.png,٦٣١
image_883.png,٦
image_4974.png,١
image_2898.png,٤٧
image_1353.png,٧٤
image_2743.png,٤٤
image_4551.png,٧٦
image_2131.png,٠٣٦
image_983.png,٦
image_457.png,٢٧١
image_4120.png,٤٧
image_1080.png,٨٥
image_1951.png,٣٠١
image_4315.png,٩
image_690.png,٥٠
image_2430.png,٨٤
image_642.png,٨١
image_2393.png,١١
image_1954.png,٠٧
image_2749.png,٢٧٠
image_4314.png,٩
image_3436.png,٢٨
image_3337.png,٥
image_4767.png,٨٣
image_3371.png,٩٦
image_1885.png,١
image_390.png,٧
image_2495.png,٩
image_3879.png,٤٣٢
image_3857.png,٤
image_846.png,٢
image_543.png,١٢
image_92.png,١
image_3890.png,٧٣
image_1980.png,٣٦
image_2813.png,١
image_4083.png,٦٣
image_2903.png,٥٨
image_2530.png,٨
image_1677.png,٩٦٤
image_1049.png,٦٧٥
image_1961.png,٩٨٣
image_2531.png,١٤
image_3993.png,٢
image_238.png,٤
image_3098.png,٦
image_3489.png,٩
image_1134.png,٤
image_1806.png,٧٧
image_4318.png,٣
image_164.png,٨٧
image_3493.png,٢
image_4710.png,٨٨
image_4631.png,٢٧
image_3454.png,٦
image_3200.png,٥٨
image_3635.png,٨٥٥
image_3940.png,١٠٥
image_1812.png,٠
image_3650.png,٣
image_4050.png,٥٧
image_1429.png,٥
image_3614.png,٧١٠
image_3132.png,٠٣٩
image_3397.png,٤١
image_4461.png,٣٠
image_4650.png,٠٧
image_2821.png,٩
image_1453.png,٥
image_594.png,٢٨
image_42.png,٩١
image_561.png,٢٦
image_3274.png,٠
image_3245.png,٩١٨
image_244.png,٣
image_1340.png,٧١
image_2781.png,٤٦
image_3188.png,٤٧
image_3800.png,٢٠
image_1443.png,١
image_262.png,٩
image_2765.png,٦٩
image_1690.png,٥٢
image_1726.png,٤٤
image_4793.png,٠٤
image_835.png,٤٧
image_1867.png,٢٠
image_2497.png,٦٤
image_2011.png,٣٢
image_341.png,٨٧٩
image_2989.png,٦٨٤
image_1602.png,٧٢
image_3876.png,٤٦
image_4695.png,٢٠
image_481.png,٦٤
image_2826.png,٦
image_4330.png,٠٤٦
image_3541.png,٩
image_4639.png,٦
image_3047.png,٣٧١
image_3991.png,٩٩
image_1767.png,٧
image_4474.png,٦
image_2454.png,١١
image_2878.png,٧
image_3816.png,٨٦
image_4017.png,١١١
image_4678.png,٣٨
image_3680.png,٨٢
image_1272.png,٦٤١
image_3078.png,٠٥
image_4502.png,٨
image_3095.png,٧
image_4654.png,٧
image_348.png,٢٥٠
image_3882.png,٧٦٠
image_4624.png,٣٣
image_2563.png,٨
image_4591.png,١٥١
image_1424.png,٣٢١
image_657.png,١٣
image_2103.png,٣٨
image_633.png,٩٢
image_2893.png,٤٥
image_2494.png,٤
image_2666.png,٤٤٤
image_4016.png,٨٨
image_3663.png,٣٥
image_3308.png,٠٢
image_3097.png,١٣٢
image_3920.png,١٨١
image_2501.png,٦٠٠
image_1466.png,٤٨
image_2834.png,٤٩٦
image_116.png,٣٠٨
image_1822.png,٧
image_1495.png,٨٥
image_2402.png,٤٨
image_1233.png,٠
image_2662.png,٥٧
image_4101.png,٣
image_4574.png,٠
image_1154.png,٤٠
image_3849.png,٩
image_58.png,٤
image_4105.png,٧٢٠
image_4289.png,٢٠
image_4946.png,٠٧
image_1736.png,٩١
image_2197.png,٩٥
image_3554.png,١٠
image_2476.png,٢٤
image_2565.png,٣٤٦
image_3159.png,٠٨٣
image_4035.png,٨
image_3656.png,٦
image_708.png,٣١٤
image_4281.png,٩
image_1094.png,٧٥٥
image_4840.png,١
image_1377.png,١٦
image_4914.png,٢
image_73.png,٣٦
image_1923.png,٨٥٦
image_3174.png,٦
image_1765.png,٩
image_744.png,٦
image_4319.png,٤
image_1006.png,٨
image_2669.png,٤٩
image_1191.png,٦٤
image_4632.png,٦
image_2602.png,٠٥
image_1126.png,٧٩
image_1242.png,٩٦٣
image_4607.png,٧
image_4131.png,٥
image_3443.png,٨٠
image_999.png,٢
image_3387.png,٩٤٩
image_2685.png,٠٣
image_1578.png,٧
image_4791.png,٧٠٢
image_1827.png,٣٤
image_3293.png,٦٩
image_4990.png,٩
image_3537.png,١
image_441.png,٥٧
image_4952.png,٧٩٠
image_1101.png,٩٧٣
image_4011.png,٣
image_3059.png,٦
image_650.png,٥٧
image_1547.png,٢٧٥
image_4757.png,٧٣٣
image_3561.png,٨٤
image_3887.png,٣٠
image_3742.png,٦٥٠
image_631.png,٤٣
image_673.png,١٤
image_1250.png,٨
image_483.png,٠
image_1585.png,٩١٥
image_3075.png,٦
image_4628.png,٩٦
image_3039.png,٣٤٨
image_1463.png,١٥٨
image_3930.png,٢
image_3622.png,٧٧٠
image_2579.png,٥٧١
image_3802.png,٣٢
image_50.png,٨٣
image_4290.png,٦٥
image_3345.png,٢٩
image_859.png,٤٥
image_1073.png,٢٤
image_720.png,٤
image_3718.png,٨
image_2632.png,٩
image_4874.png,٧٦٧
image_1661.png,٦
image_1657.png,٦
image_2426.png,١
image_3525.png,٤٦
image_4230.png,٤٨٠
image_4975.png,٧٣٣
image_3310.png,٧١
image_4477.png,٧١
image_3306.png,٨
image_4752.png,١
image_4127.png,١٧٨
image_2607.png,٧
image_1386.png,٢
image_3836.png,٣٨
image_1400.png,٧٥
image_1196.png,٨٥
image_1409.png,٥٩
image_3825.png,٤
image_1799.png,٢
image_1476.png,١٤
image_4966.png,٨
image_36.png,٤
image_3542.png,٦٩
image_2346.png,٦٠
image_4679.png,٦٣
image_2360.png,٢٨٥
image_2207.png,٧٨٠
image_3768.png,٢٦
image_1287.png,٧٥٨
image_350.png,٢٦٣
image_2138.png,١٨٦
image_2692.png,٦٥
image_4561.png,٥
image_3968.png,٤
image_1682.png,٤
image_4835.png,٣
image_1444.png,٩
image_3244.png,٢٥
image_1672.png,٨
image_3837.png,٨٢١
image_1180.png,١
image_2799.png,٣٣٠
image_1693.png,٦٤
image_3957.png,٦
image_373.png,٥
image_3611.png,٨
image_1917.png,٣٠٥
image_1358.png,٨٤
image_1826.png,٦٥
image_787.png,٩
image_470.png,٢
image_141.png,٣٩
image_789.png,٩
image_324.png,٨٤
image_51.png,٣٢
image_715.png,٦
image_4890.png,٧٥
image_2841.png,٤
image_2447.png,٠٦٨
image_4814.png,٦٣
image_4420.png,٣
image_4597.png,٠
image_3016.png,٢
image_2667.png,٧
image_407.png,٣٧٣
image_3725.png,٨
image_1005.png,٥٤٧
image_3788.png,٢٩
image_891.png,٨٠
image_2412.png,٩٠
image_2546.png,٥
image_4834.png,٢٩
image_2391.png,٠٤٠
image_3941.png,٤
image_43.png,٦٢
image_2831.png,٢
image_3966.png,١١٩
image_304.png,٤٤
image_4514.png,٢٠
image_3748.png,٠
image_665.png,٠٣٢
image_1178.png,٤
image_2677.png,٧
image_1948.png,٤٤
image_2502.png,١
image_1474.png,٩٧
image_3484.png,١٦
image_3521.png,٥
image_2133.png,٣٥
image_1027.png,٧٣٥
image_962.png,٢
image_2890.png,١٤
image_3135.png,٥٢
image_2010.png,٢٥
image_2150.png,٨٩
image_3324.png,٧٤٥
image_2339.png,٥
image_3889.png,٤
image_305.png,٥
image_1441.png,١٧
image_1497.png,٤٦٩
image_2653.png,٠
image_2876.png,٦٥
image_917.png,٠
image_4183.png,٩٢
image_3722.png,٥٢
image_2773.png,٤٨٩
image_1625.png,٥٩٨
image_3838.png,٠
image_822.png,٨٤
image_3965.png,٢٩
image_1355.png,٨
image_4498.png,٠٣١
image_851.png,٢
image_1001.png,٦٦
image_3378.png,١٢
image_19.png,٠
image_1638.png,٩٣
image_1668.png,٨
image_494.png,٣
image_1348.png,٣
image_3728.png,١١
image_4826.png,٤
image_3615.png,٠٦
image_3482.png,٠١٤
image_688.png,٢
image_3732.png,١٥٤
image_1609.png,٤
image_4085.png,٤٩
image_3403.png,٤٢
image_1010.png,٥
image_2409.png,٧٣٤
image_1093.png,٣
image_1328.png,٦٥
image_1678.png,٦٢٥
image_2000.png,٧١
image_1311.png,٥
image_3259.png,٩٨
image_1988.png,٢٢
image_3649.png,٤
image_345.png,٨
image_4483.png,١٨
image_987.png,٨٧١
image_4545.png,٦٩٧
image_3808.png,٣٩
image_4524.png,٧
image_4003.png,٧
image_3092.png,٩٢
image_3962.png,٢
image_1143.png,٥٣
image_2359.png,٧٨٤
image_1199.png,٢٣٥
image_86.png,٤٢
image_1519.png,٩٠٨
image_517.png,٠
image_1382.png,٣
image_2717.png,٣
image_3085.png,٩
image_1015.png,١
image_129.png,٩٨
image_1365.png,٢٢٠
image_3624.png,٨٣٩
image_4971.png,٨٦١
image_892.png,٥٧
image_2794.png,١
image_4239.png,٨
image_1360.png,٠
image_308.png,٢٠٠
image_1662.png,٠٧
image_2432.png,٩٤
image_3935.png,٠٦٣
image_1318.png,٣٤
image_4304.png,٥٢
image_2475.png,٢٩
image_2543.png,٤٥
image_1247.png,٥
image_1209.png,٥
image_217.png,٦٢
image_4293.png,٩٠
image_3063.png,٦
image_1240.png,٥
image_2290.png,٩٣
image_2741.png,٣٩
image_276.png,٣
image_490.png,٨
image_1036.png,٩١
image_1230.png,٥٠٤
image_4586.png,١١
image_1009.png,٨
image_4690.png,٥٢
image_4027.png,٢
image_3183.png,٣٢٣
image_2533.png,٨
image_4170.png,٣
image_1059.png,٩
image_2167.png,٣٣
image_4579.png,٤
image_282.png,٩٨
image_3566.png,٦
image_1317.png,٧٨
image_4979.png,٠
image_969.png,٧٤
image_3127.png,٤٩
image_3921.png,٨٢
image_3167.png,٧٤
image_3520.png,٢٧
image_620.png,٩٣
image_3347.png,٤٢٥
image_1743.png,٤٤٩
image_1391.png,١٣٠
image_4051.png,٢١١
image_1848.png,٦٧٥
image_1580.png,٦٨
image_1656.png,٣
image_2353.png,٧
image_2213.png,٣٨
image_2021.png,٧
image_4973.png,٧
image_1957.png,٠
image_1308.png,٢٩
image_2004.png,٣١
image_4456.png,٩٦
image_576.png,٦٧١
image_4090.png,٦١
image_4320.png,١
image_4437.png,٤
image_1707.png,٣٩٤
image_3743.png,٧
image_3471.png,٦
image_1281.png,٦
image_862.png,٩٢
image_4146.png,٩٩
image_1802.png,٣٢٦
image_1629.png,٦
image_1994.png,٦٢٦
image_2640.png,٧٢٧
image_270.png,٦٤
image_630.png,٨٦٦
image_3082.png,٧٤
image_2335.png,٦
image_2967.png,٥
image_301.png,٤
image_460.png,٠٥
image_1448.png,١٢
image_1473.png,٣١
image_2047.png,٠
image_4229.png,٩٧٣
image_3765.png,٢
image_2114.png,١٨٠
image_28.png,٥٢
image_3840.png,٧
image_4523.png,١٢٦
image_838.png,٠
image_3827.png,٣
image_2009.png,٥٥
image_4908.png,٤٣
image_504.png,٧١
image_3207.png,٩٦
image_4305.png,٣
image_381.png,٧٦٣
image_1852.png,١٩
image_1526.png,١
image_2366.png,٧٥
image_4148.png,٦
image_3053.png,١٧٢
image_2885.png,١
image_2341.png,٩
image_375.png,٩٢٨
image_3261.png,٢٦
image_2382.png,٩
image_4310.png,٧
image_940.png,٧٦٨
image_4199.png,٩
image_4166.png,٤٣
image_2800.png,٢٣
image_2148.png,٢٩
image_3818.png,١٦
image_4541.png,٥٦
image_4217.png,٨
image_2069.png,٧٧
image_530.png,٠
image_4605.png,٧٧
image_637.png,٦٨٠
image_1270.png,٢
image_186.png,٩
image_4350.png,٦
image_3180.png,٤٤
image_3455.png,٢٦
image_1798.png,٥٦
image_2980.png,٩٧
image_1442.png,١
image_3428.png,٢
image_4875.png,٥٨
image_1536.png,٩٣
image_3444.png,٧٢
image_1274.png,٤٨
image_2468.png,٣
image_608.png,٩٥
image_3514.png,٨١٢
image_1713.png,٧
image_2200.png,٦٨
image_956.png,٥٦٧
image_2580.png,٠٣
image_3898.png,٩٤١
image_4426.png,٤٦
image_3381.png,٧
image_3686.png,٣
image_404.png,١
image_2072.png,٤
image_4756.png,٧٨
image_1978.png,٣
image_159.png,٥
image_1749.png,٣
image_2910.png,٧
image_3535.png,٠
image_903.png,٣١
image_353.png,٣٩
image_1231.png,٧٠
image_4671.png,٦٦
image_2141.png,٩٩٢
image_445.png,٦٥
image_4949.png,٠٦١
image_755.png,٩٨
image_1738.png,٨٤
image_2972.png,١
image_4980.png,٥١٤
image_2921.png,٧٦
image_312.png,٠٩
image_549.png,٨
image_4053.png,٨
image_4762.png,٩٠
image_1990.png,١
image_307.png,٥٧
image_2336.png,٤
image_695.png,٣٤٢
image_2357.png,٩١٣
image_1928.png,٥
image_685.png,١٥٩
image_750.png,٦
image_4009.png,٨
image_1267.png,٣٨
image_3286.png,٢٦٧
image_3530.png,٣
image_4424.png,٤٣٢
image_3985.png,٩٨
image_3084.png,٤٤
image_3062.png,٩
image_3026.png,٣٧١
image_971.png,٥
image_14.png,٦٢٣
image_874.png,٦٥
image_809.png,٤٠
image_3199.png,٤
image_515.png,٠٧
image_4473.png,٠١
image_410.png,٧٢
image_3409.png,٠
image_4343.png,١٣٦
image_208.png,٨٩٨
image_3692.png,٨٢
image_459.png,٣٧٧
image_3472.png,٤٦
image_2431.png,٩
image_3658.png,٢٦
image_111.png,٠
image_4590.png,٠٦
image_4045.png,٩٥٣
image_1884.png,٤
image_1714.png,٥١
image_3959.png,٨
image_3400.png,٠٩
image_553.png,٦٥
image_1440.png,١٧
image_2271.png,٦٧
image_3145.png,٣٤
image_2822.png,٣٦٨
image_4782.png,٥
image_1926.png,١
image_635.png,٠٦
image_4806.png,٨
image_317.png,٩٣
image_4218.png,٢٣
image_4700.png,٤٠٢
image_1329.png,٣٥٧
image_428.png,٨
image_4375.png,٣
image_106.png,٤٤
image_3042.png,٩
image_143.png,٨٢٩
image_2170.png,٣
image_3459.png,٢
image_90.png,٤٩٠
image_2919.png,٤
image_3238.png,٨٨
image_2242.png,٣١
image_3175.png,٥
image_3413.png,٩٩
image_2164.png,٤٢٩
image_2637.png,١
image_1950.png,٩٦
image_1769.png,٤
image_4291.png,٦٨
image_2273.png,٧
image_2.png,٢٢
image_3283.png,٧٢
image_4958.png,٤١
image_1952.png,٨
image_936.png,٦١
image_4297.png,٦
image_2721.png,٩٧
image_4448.png,١٧
image_1110.png,٩
image_3961.png,٢
image_592.png,٧٣٢
image_1696.png,٥٢٩
image_3451.png,٠
image_2937.png,٩
image_4205.png,٧٣
image_3412.png,٣
image_1577.png,٨٤١
image_3955.png,٣٢
image_214.png,٥
image_779.png,٣
image_1416.png,٠٠
image_3760.png,٤٤٥
image_2044.png,٣١٢
image_2849.png,٠
image_4538.png,٤١٨
image_3506.png,٧
image_3814.png,٣
image_1568.png,٣٣
image_166.png,٥٠
image_4715.png,٧٦٩
image_4273.png,٦٨١
image_4927.png,٢
image_1344.png,٣
image_2014.png,٧٥
image_274.png,٧٤٣
image_72.png,٩
image_3888.png,٦٠
image_1088.png,٨
image_395.png,٢٦
image_584.png,١١١
image_1368.png,٠
image_4988.png,٠
image_4089.png,٠
image_2549.png,٧
image_1014.png,٣٨
image_4898.png,٧٤
image_3004.png,٦
image_4789.png,٧
image_4408.png,٨
image_3533.png,٩٤
image_1764.png,١٥
image_1876.png,٩
image_1260.png,٤٥٦
image_4531.png,٥٢
image_2254.png,٦
image_2782.png,١
image_3593.png,٤٧
image_527.png,٨
image_4264.png,١
image_2947.png,٥
image_378.png,٧٦
image_1560.png,٤٣
image_3821.png,٦٣
image_1964.png,٧٠
image_4733.png,٤
image_349.png,٧٧٨
image_2435.png,٥
image_2247.png,٢
image_4167.png,٤٦
image_1710.png,٨٠١
image_1051.png,٧٦٤
image_591.png,٠٤
image_520.png,٦٤١
image_4753.png,٢٣
image_4309.png,٤٩٦
image_2478.png,٩٨
image_1084.png,٥
image_3589.png,٩٦
image_4779.png,٣٤٢
image_4510.png,٤٥
image_1295.png,٥٤
image_1810.png,٢٠
image_792.png,٢٥
image_793.png,٦٣١
image_4115.png,٦٣
image_1856.png,٤٦
image_4758.png,٥٠
image_1981.png,٢٥٧
image_3234.png,١
image_3909.png,٨٣٩
image_4985.png,٤
image_3329.png,٣٣٤
image_1531.png,١٥
image_1411.png,٥
image_4295.png,٨
image_4649.png,٥٩
image_84.png,٦٨٩
image_869.png,٤٠٣
image_2351.png,٤
image_21.png,٢١
image_3425.png,٨٤
image_2796.png,١٢٣
image_4573.png,٦٠
image_1563.png,٠٨
image_3094.png,٠
image_3156.png,٨
image_974.png,٢٥
image_1711.png,٧
image_3202.png,١٠
image_4372.png,٩
image_4820.png,٧
image_1099.png,٩
image_4162.png,٥
image_2845.png,٠٩
image_887.png,٤
image_4932.png,١
image_3679.png,٦
image_4581.png,١٠٤
image_3567.png,٩٦
image_4402.png,٤٧
image_516.png,٧٩
image_4621.png,١
image_738.png,٩٧
image_1454.png,٩
image_3972.png,٥
image_4701.png,٩٨
image_2507.png,٦
image_2995.png,٢٧٥
image_2127.png,٨٥
image_2927.png,٧٠
image_4746.png,٨٥٤
image_907.png,٩٦
image_3648.png,٦٠٨
image_1031.png,١٤
image_2508.png,٧
image_2429.png,٩٩٥
image_948.png,٣
image_3807.png,٢
image_4755.png,٠٣
image_716.png,٠٥
image_4056.png,٠٤
image_687.png,٦٨٥
image_704.png,١٣
image_3342.png,٣٧
image_2354.png,٥٢
image_2258.png,١٠
image_3552.png,١
image_474.png,٥٠
image_22.png,٦٠
image_2753.png,٥١٥
image_886.png,٧٤
image_2449.png,٤٧
image_918.png,٥٦
image_3758.png,٣٤١
image_3752.png,٤٠
image_2240.png,٩
image_3845.png,٨٦
image_3396.png,٣٧٣
image_1266.png,٤
image_484.png,٩
image_4338.png,١
image_2964.png,١
image_1220.png,٣
image_278.png,٦٥١
image_989.png,١
image_2085.png,٠٦
image_1246.png,٣٢
image_2383.png,٢٣
image_572.png,١
image_1436.png,٠٣٩
image_994.png,٠٩٥
image_3931.png,٤١
image_3448.png,٨٣
image_586.png,٢
image_3659.png,٤
image_2515.png,٢١٧
image_1350.png,٠
image_1008.png,٤
image_675.png,٦
image_2413.png,٤٨
image_2904.png,١
image_448.png,٦
image_3835.png,٩
image_3759.png,٨٥
image_3704.png,١
image_360.png,٣٢
image_2065.png,٧٩
image_4450.png,٠
image_3811.png,٨٦
image_1691.png,٥
image_4327.png,٢
image_1549.png,٦٨
image_1248.png,٥
image_1986.png,٥
image_295.png,٤
image_1548.png,٤٥
image_2013.png,٦
image_589.png,٠
image_3330.png,٥
image_2404.png,٧
image_2130.png,٤٢٩
image_4389.png,٣٥١
image_2411.png,٢
image_2720.png,٥٥
image_426.png,٨
image_2583.png,٥
image_1055.png,٠١
image_3967.png,٢
image_4563.png,٢
image_557.png,٣٥٤
image_4359.png,٧١٩
image_3939.png,٢
image_4713.png,٩
image_2470.png,١
image_4711.png,٦٤٢
image_356.png,٥٥
image_1194.png,٨٦
image_1717.png,٩
image_3417.png,١٢
image_2605.png,٥
image_4130.png,٢٥١
image_2829.png,٨٣
image_1705.png,٣٨
image_2864.png,١
image_2619.png,٧٣
image_2401.png,٣
image_2140.png,١٩
image_3240.png,٤٦
image_2384.png,٠٢٤
image_3219.png,٠
image_3936.png,٨٢٤
image_1286.png,٨١
image_3797.png,٥
image_4895.png,٦٧١
image_4469.png,١
image_2088.png,١
image_1890.png,٤٢
image_4623.png,٥
image_1592.png,١
image_1347.png,٠٥
image_4432.png,١٨
image_2163.png,٦
image_2397.png,٥٩٧
image_4769.png,٢
image_2272.png,٩
image_4491.png,٤
image_3112.png,٤
image_1138.png,١
image_3896.png,٩٠
image_973.png,٥٣
image_796.png,٩١٣
image_3021.png,٤٦٤
image_1712.png,١٨
image_3388.png,٤٢٦
image_37.png,٢٢
image_454.png,١٦
image_914.png,٣
image_4082.png,٤٧٣
image_1200.png,٥
image_1275.png,٢٠
image_2376.png,٣
image_38.png,٠٧
image_975.png,٤٨
image_3196.png,٧٥
image_984.png,٣٤٢
image_3905.png,٠٢٥
image_4070.png,٩
image_1419.png,٠
image_3333.png,٨٩٥
image_1561.png,٠٥
image_40.png,٨٦
image_1487.png,٣
image_3884.png,٥
image_170.png,٢
image_1356.png,٢
image_2786.png,٢١
image_3633.png,٩
image_4749.png,٩
image_4005.png,٤
image_2683.png,١٨
image_4705.png,٠٩٥
image_4026.png,٢٨٥
image_1641.png,٨٧
image_1291.png,٥
image_1381.png,٩٦
image_1934.png,٨٤
image_580.png,٤٦
image_4221.png,٤٧
image_3161.png,١٦
image_2031.png,٥٠١
image_893.png,٤
image_3952.png,٨٩٤
image_781.png,٤
image_160.png,٨٩
image_3.png,٨
image_2264.png,٧
image_3217.png,١١
image_2110.png,٦٦
image_850.png,٠٥٣
image_2738.png,٣٣
image_2467.png,٥٠
image_3651.png,٥١
image_1597.png,٧١٩
image_1777.png,٤
image_1914.png,٢٠
image_1044.png,٩١
image_4714.png,٦٨
image_1545.png,٣٠
image_2737.png,٥٧
image_3707.png,٣١
image_4618.png,٩٥
image_54.png,٨٠
image_1797.png,٠٣
image_1912.png,٨
image_2307.png,١٦٤
image_2554.png,٦
image_2801.png,٠
image_4087.png,٣٨
image_4128.png,٣
image_825.png,٦
image_4734.png,٨٥٣
image_3179.png,٣
image_3402.png,٨٠٤
image_1390.png,٧٨
image_3565.png,٩٨
image_4877.png,٤٨٢
image_885.png,٠٨
image_3806.png,٢٣
image_1608.png,٩٣
image_1595.png,٥٤
image_772.png,٤
image_2612.png,٠
image_4662.png,٩
image_2274.png,٠
image_1869.png,١
image_1086.png,٢١
image_11.png,١
image_3612.png,٦٧٧
image_1326.png,١٢٧
image_3391.png,٠٢٦
image_1464.png,١٧
image_807.png,٣٩
image_4261.png,٢٥
image_3986.png,٩٤
image_3772.png,٩٢
image_2109.png,٦
image_4236.png,٧
image_4957.png,٦
image_2235.png,١
image_3212.png,٨٣
image_964.png,٨
image_3416.png,٦
image_3754.png,٦
image_399.png,٣٢
image_2633.png,٦
image_4852.png,٧
image_2997.png,٦
image_705.png,٧
image_432.png,٩٣
image_293.png,٦٠
image_4868.png,٥٢٠
image_146.png,٠٨
image_4394.png,٠٧
image_2034.png,٦٥٠
image_4284.png,٧
image_1166.png,٩٧٩
image_3501.png,٨
image_2051.png,٦٦٥
image_2625.png,٢٩٤
image_4379.png,٤
image_340.png,٩
image_3880.png,٥٠
image_4633.png,٠٧٥
image_2974.png,١
image_266.png,٦٥٤
image_2425.png,٧٢
image_1263.png,٨٠٦
image_1772.png,٩٨٣
image_3512.png,٢٨٥
image_272.png,٣٤
image_697.png,٨٠١
image_748.png,٢
image_245.png,٥٢
image_318.png,٧
image_477.png,١٨١
image_2033.png,١
image_958.png,١
image_3817.png,٨٨
image_814.png,٧
image_4533.png,٥٩
image_1915.png,٨٩
image_4603.png,٤
image_3488.png,٦٥
image_1298.png,٢
image_4031.png,٠
image_1805.png,١١
image_759.png,٤٨١
image_251.png,٥٧
image_2462.png,٤٢٧
image_546.png,١٨٤
image_3242.png,٩٣
image_739.png,٩٩٩
image_311.png,٧
image_3781.png,٣
image_2942.png,١
image_1132.png,٠
image_1450.png,٢٣
image_4920.png,٢٧
image_16.png,٠٥
image_3233.png,٥٠
image_2770.png,٢
image_3469.png,٩٢١
image_921.png,٨٥
image_3030.png,٩
image_1373.png,٣٣
image_3588.png,٥٩
image_2545.png,٨
image_3599.png,٨
image_39.png,٨
image_364.png,٣١
image_4102.png,٢
image_183.png,٢
image_3034.png,٣٦٢
image_2984.png,٠٣٤
image_1195.png,١٧
image_2853.png,٠٣
image_4543.png,٧١٦
image_1122.png,٣
image_2236.png,٧٥
image_2668.png,١
image_3700.png,٦٣
image_3224.png,٧
image_1183.png,٢
image_4185.png,٣
image_4294.png,٧١
image_615.png,٥٢٣
image_4909.png,٠٦
image_1467.png,٠٧
image_402.png,٤٦
image_3043.png,٠
image_935.png,٠٠
image_2420.png,٠٥١
image_4861.png,٠
image_4911.png,٣٢٦
image_2642.png,٥
image_4018.png,٠
image_727.png,٥٦
image_827.png,٣
image_1522.png,٢
image_4857.png,١
image_2931.png,٩
image_137.png,٤٧
image_3591.png,٥٧
image_629.png,٥٢٢
image_335.png,٥
image_391.png,٧٦
image_4388.png,٦
image_4905.png,٨١
image_3833.png,٧١٩
image_1818.png,٥٦٣
image_401.png,٥٢
image_711.png,٠٥
image_1040.png,١
image_3990.png,٦٠٦
image_3360.png,٩
image_47.png,٨
image_1562.png,٦
image_4800.png,٦٤
image_3643.png,٦٢١
image_3727.png,٨
image_4983.png,٣
image_1113.png,١٤٤
image_2514.png,٦٧
image_3609.png,٨٣٩
image_1224.png,٢٧١
image_4061.png,٢٥٧
image_3024.png,٢٨
image_2422.png,٢٩٥
image_1509.png,٤
image_1751.png,٢
image_4838.png,٤٢
image_4097.png,٤
image_1800.png,٤٥
image_339.png,١
image_216.png,٩
image_3664.png,٩٢٩
image_1342.png,٦٨
image_12.png,٧٦٠
image_1521.png,١٨٩
image_3641.png,٤٧
image_3938.png,٧
image_4428.png,١٤
image_3005.png,٠
image_2865.png,١
image_3116.png,٧
image_4841.png,٨
image_2323.png,٢٢٢
image_2572.png,٤٤٩
image_2914.png,٦٢
image_102.png,٩٩٤
image_3550.png,٣
image_1459.png,٤
image_172.png,٤٤
image_108.png,٣٩
image_4197.png,٥
image_3570.png,٣
image_4992.png,٧٥٤
image_4296.png,٥
image_4064.png,٤
image_3862.png,٥٤
image_4123.png,٧
image_4630.png,١
image_61.png,٧٥
image_1241.png,٠
image_4638.png,٨
image_1041.png,٦
image_4188.png,٤٦٢
image_2761.png,٤٤
image_2121.png,٢١٢
image_1525.png,١
image_3522.png,٠٦
image_154.png,٨
image_2249.png,٤٦١
image_482.png,٥
image_4234.png,٤٧٥
image_4306.png,١٤٣
image_3579.png,٣٨
image_4126.png,٧٠
image_3563.png,١
image_3316.png,٣
image_1763.png,٣
image_3539.png,٤
image_4804.png,٣
image_751.png,٥٠
image_3620.png,٨
image_1786.png,٣٢
image_4271.png,٥
image_3384.png,٤٧
image_4349.png,٨
image_406.png,٢٠
image_758.png,٣
image_2712.png,٧
image_2671.png,٤١
image_3984.png,٤
image_98.png,٧٧
image_1334.png,٨
image_4452.png,٦٩٨
image_2792.png,٧٧
image_2855.png,٨٥
image_187.png,٤٨
image_4004.png,٤
image_2724.png,٣
image_3584.png,١
image_2059.png,٧
image_1320.png,٧٦
image_149.png,٨
image_29.png,٢٦
image_4141.png,٦
image_4010.png,٩
image_3364.png,٢
image_693.png,٣
image_2867.png,٢٩
image_3777.png,٣
image_1387.png,٣
image_1846.png,٧٤٦
image_4731.png,٢١
image_130.png,٥٩٦
image_1600.png,١١
image_3630.png,٨
image_4504.png,٣٠٩
image_702.png,٥١
image_3983.png,٦٣
image_3029.png,٩
image_2970.png,٤
image_4357.png,٦
image_1709.png,١٢
image_2954.png,٥٣
image_455.png,٦
image_2869.png,٢
image_2041.png,٣
image_1773.png,٢
image_2316.png,٥
image_610.png,٦٠٧
image_168.png,١٤
image_731.png,١٩
image_4249.png,٦٨
image_3359.png,٩
image_2075.png,٧٥٦
image_4040.png,٧٩٥
image_3701.png,٨١
image_1623.png,٠٠٣
image_588.png,٢٩
image_1402.png,٦
image_3046.png,١
image_3225.png,٣٦
image_1701.png,٠٢
image_3089.png,٦٢٣
image_4391.png,٩٨
image_2982.png,٥
image_41.png,٧٦١
image_1380.png,٣٥
image_2090.png,٢
image_2176.png,٢
image_3218.png,٢
image_2886.png,٥٥٨
image_75.png,٣
image_3910.png,٣٢
image_4965.png,٧٣
image_2658.png,٣
image_3181.png,١
image_2077.png,٥٦
image_442.png,١٣
image_4052.png,٠
image_2052.png,٣١٢
image_2542.png,٣٥٩
image_3307.png,١
image_1302.png,٣٧
image_1782.png,١
image_4815.png,١٤
image_3431.png,٣١
image_1305.png,٦٩٤
image_237.png,٨٠
image_2600.png,٦٣٤
image_521.png,٤٧
image_2574.png,٢٨١
image_3281.png,٧٧٠
image_3187.png,٠٥
image_2769.png,٠
image_736.png,٢٢
image_4704.png,٠٣
image_4930.png,٧
image_2107.png,٠٥
image_2680.png,٧٨١
image_3230.png,٩٤٨
image_2762.png,٢
image_593.png,٩١
image_1304.png,٤١٨
image_1388.png,٠
image_4696.png,٦٥
image_4527.png,٨
image_3948.png,٣٠٠
image_1891.png,٢
image_2988.png,٧
image_4925.png,٢
image_3298.png,٦
image_905.png,٧٥
image_4610.png,٣
image_1280.png,٨١٥
image_934.png,٨٦١
image_4900.png,٠٦
image_2309.png,١٦
image_1556.png,٧
image_4534.png,٠
image_3191.png,٨١
image_4442.png,٨٤
image_707.png,١
image_4691.png,٣٢٥
image_3071.png,١٢٦
image_746.png,٠
image_3595.png,٧٦٠
image_1940.png,٢٧٨
image_4401.png,٣
image_2863.png,٨
image_3997.png,٣٩
image_514.png,٩٦
image_82.png,١
image_4977.png,٩٣٤
image_1309.png,٨
image_4615.png,٥٨
image_915.png,١
image_3453.png,٦
image_3696.png,٩
image_4805.png,٨٦٥
image_3157.png,٦٠
image_2199.png,٢
image_4233.png,٠
image_775.png,٤٣
image_330.png,١
image_2055.png,٧٧٢
image_2002.png,٧١٣
image_944.png,٨٩
image_823.png,٣
image_4528.png,١٧٩
image_910.png,٢
image_2517.png,٦
image_182.png,٢٢
image_165.png,٦٨٥
image_1524.png,٩٧٩
image_452.png,٤٢
image_2539.png,٢٧٢
image_4138.png,٠٩
image_4776.png,٤٨٤
image_1312.png,٦
image_3150.png,٣٢
image_1112.png,٦٢٤
image_4548.png,٢
image_4086.png,٢
image_3490.png,٦٤١
image_1288.png,٦٢
image_4178.png,٢٠٤
image_4646.png,٦٣٧
image_3681.png,٩٣٧
image_4512.png,٠٧
image_4169.png,٠
image_3301.png,٢
image_3311.png,٢٩
image_4557.png,٥١٢
image_3126.png,٢
image_328.png,٧
image_1791.png,٤٣
image_2491.png,٨
image_2007.png,٩
image_2008.png,١
image_1859.png,١٧٦
image_4686.png,٧٣
image_313.png,٤١١
image_833.png,٣٢٠
image_3080.png,٦٦٩
image_4718.png,٧٠٩
image_3463.png,٧٠
image_1202.png,٩٩
image_4392.png,٤٤
image_3548.png,٤٧٩
image_4923.png,٧٠
image_2135.png,٢٤٦
image_3452.png,٩٧٦
image_2210.png,٩٩
image_1902.png,٣
image_1482.png,٧
image_778.png,١
image_800.png,١٩
image_3715.png,٦٦٢
image_3943.png,٧
image_55.png,٧
image_2973.png,٥
image_3336.png,٥٥
image_1921.png,٩١٤
image_3716.png,٦٥
image_4647.png,٦٢
image_947.png,٦
image_1702.png,٨٥
image_3294.png,٦٢١
image_2162.png,٦
image_1137.png,٦
image_988.png,٣٢٣
image_2550.png,٣٠١
image_194.png,٣
image_3058.png,٧
image_3247.png,٦٤٧
image_1395.png,٥
image_2638.png,٢٩
image_769.png,٥
image_4703.png,٦٢
image_3091.png,٤
image_3496.png,٦٩
image_3216.png,٧٦
image_286.png,٧
image_4939.png,٩٥٨
image_429.png,٠
image_4449.png,٣٥
image_2333.png,٧١
image_2718.png,٥٦١
image_2080.png,٥٢٤
image_3390.png,٤٦
image_723.png,٨
image_952.png,٥٩٦
image_4384.png,٧
image_4367.png,٨٢
image_2263.png,٩
image_990.png,٢٨٩
image_3213.png,٨
image_1760.png,٢
image_4580.png,٩١٩
image_327.png,٨٣
image_2609.png,٣٣٧
image_1384.png,٢
image_1725.png,٨٨
image_1087.png,٢
image_2524.png,٠٤٣
image_342.png,٦
image_3702.png,٥
image_148.png,١٧
image_689.png,٤
image_3433.png,٤٥
image_1108.png,٧
image_849.png,٣٢
image_967.png,١٨
image_4728.png,٤٦
image_1493.png,٨٩٥
image_3954.png,٣٦٧
image_2204.png,٢٦
image_2714.png,٨٠
image_662.png,٤١
image_1003.png,٠٩
image_63.png,٦
image_285.png,٦٤٥
image_2225.png,٣٣
image_4707.png,١
image_1880.png,٣٥
image_3573.png,١
image_4858.png,٢٩
image_1204.png,٩
image_1991.png,٤٩
image_25.png,٢٤٨
image_4853.png,٠٦٩
image_4103.png,٠
image_4168.png,٢
image_763.png,٦
image_876.png,٧١
image_4743.png,٤
image_939.png,٠٤
image_2688.png,٩
image_3601.png,٦
image_2395.png,٨٩٧
image_4568.png,٠
image_4981.png,٢٦
image_4125.png,١٥٠
image_4565.png,٤٧
image_386.png,٠٥١
image_3878.png,٩
image_4371.png,٩
image_4570.png,١
image_537.png,٩٤
image_2292.png,٥
image_4666.png,٢٢
image_3875.png,١٥
image_937.png,١٢
image_3738.png,٤٩
image_4729.png,٤٢
image_2361.png,٢٢
image_3508.png,٩٠٥
image_202.png,٢
image_3209.png,٧٠
image_1333.png,٥٦
image_3017.png,٠٢
image_3503.png,٣٢٣
image_2709.png,٨٦٧
image_4022.png,٤
image_1855.png,٢٣٣
image_4470.png,٥٢
image_2873.png,٤٠٠
image_3031.png,٦
image_1206.png,٨٥
image_1646.png,٦٤
image_3418.png,٠٤٥
image_3477.png,٦٥
image_2862.png,٩٤
image_1793.png,٩
image_3798.png,٧
image_3369.png,٤٩
image_3368.png,٦٢
image_3534.png,٩٦
image_3450.png,٠٩
image_604.png,٧
image_3057.png,٢١٣
image_4532.png,٥٨٥
image_127.png,٠
image_3877.png,٧٧
image_2936.png,٩
image_3532.png,٩٧
image_2731.png,٣
image_828.png,٧١
image_1640.png,٣٤٩
image_985.png,٦
image_3282.png,٨
image_4972.png,٥
image_2189.png,٧١
image_4613.png,٠٩
image_2444.png,١
image_363.png,٤٠٧
image_2350.png,٠٧
image_346.png,٢٤
image_815.png,١
image_3206.png,٨
image_4161.png,١٣
image_4796.png,٠٤٨
image_3326.png,٥٨
image_4107.png,٩٣
image_2117.png,٨٣
image_1835.png,٦٣
image_794.png,٧
image_4947.png,١٨
image_2675.png,٠
image_95.png,٠٦٣
image_3757.png,٩
image_2892.png,٢
image_2372.png,٤٧
image_4150.png,٨٦
image_4433.png,٨٠
image_3229.png,٥٣
image_2854.png,٧٥
image_2913.png,٥
image_1866.png,٠٣
image_1858.png,٤
image_2646.png,٠٧١
image_2244.png,٥
image_2337.png,١٦٤
image_951.png,٨
image_3069.png,٣٥
image_1121.png,١٨
image_2598.png,٨٧١
image_2205.png,٥
image_420.png,٧
image_923.png,٩٩
image_1255.png,٢٠١
image_478.png,٤١
image_2036.png,٦
image_1203.png,١
image_2627.png,٩٣٥
image_4819.png,٤١
image_1971.png,١
image_3111.png,٠٠
image_4019.png,٠٤٧
image_2152.png,٤
image_3688.png,٩٠٧
image_1998.png,٢
image_4034.png,٨٩٢
image_3055.png,١
image_1249.png,٢٤٣
image_2193.png,٣
image_2713.png,٣
image_993.png,٥
image_2191.png,٦
image_3763.png,٢٨
image_3598.png,٩٢
image_1319.png,٣٩٨
image_1864.png,٩٣
image_2344.png,٣٢
image_2450.png,٥٨١
image_2137.png,٥٨
image_1066.png,٢٩
image_4961.png,٦٢٢
image_2622.png,٧
image_78.png,٦
image_2899.png,٢٠٠
image_1315.png,٥٣
image_4373.png,٨
image_873.png,٠
image_3851.png,٩٦
image_4788.png,٣٩٥
image_2966.png,٤٠٦
image_3392.png,٠٦٩
image_2561.png,٣٠١
image_4897.png,٦٤
image_2636.png,٣٧
image_3531.png,٠
image_376.png,٩٥
image_1909.png,٦٩
image_4333.png,٧٤
image_4380.png,١٠
image_4028.png,٦
image_1605.png,١١٧
image_1119.png,٨
image_3678.png,٩
image_3491.png,١
image_4865.png,٠٦
image_2959.png,٤٦٣
image_1995.png,٥٧
image_4956.png,٥
image_4356.png,١٧
image_2377.png,٩٦٤
image_1343.png,١٥
image_321.png,٤٦
image_1620.png,٢
image_3714.png,١٦
image_2061.png,٩٥
image_2220.png,٤٤
image_1674.png,٨
image_261.png,١
image_4418.png,٧١٥
image_2040.png,٣
image_902.png,٠
image_3745.png,٤٨٣
image_2027.png,٨
image_1918.png,٣٦٢
image_1829.png,٠٩٧
image_1574.png,٩٤
image_4395.png,٥١
image_4209.png,٦
image_225.png,٣٠
image_724.png,٣١٠
image_4486.png,٦٦١
image_1142.png,١
image_2763.png,٢
image_847.png,٥١
image_2552.png,٣١
image_2929.png,٣
image_118.png,٢
image_646.png,٨
image_4.png,٠٨
image_4171.png,١٥
image_468.png,٧٦٨
image_6.png,٠٢
image_920.png,٨٥
image_2596.png,١٠
image_1064.png,٨
image_2591.png,٠٣٦
image_243.png,٠٥
image_1161.png,٨٧
image_2871.png,٦٥
image_3736.png,٠
image_2398.png,٥٤
image_3518.png,٤٥
image_3422.png,٣٨٢
image_2564.png,٥
image_1606.png,٨٦٢
image_4829.png,٣٠٩
image_2325.png,٥
image_2710.png,٢٨٦
image_4399.png,٧٢
image_1313.png,٩
image_3449.png,٠٨
image_3813.png,٣
image_4656.png,٠٤
image_2363.png,١
image_1976.png,٢
image_3515.png,٨٩
image_1762.png,٥٥
image_2740.png,٢
image_4845.png,٧٨
image_2473.png,٣٧
image_4008.png,٦
image_1494.png,٧
image_4207.png,٧٦٩
image_2159.png,٧٧
image_1170.png,٩
image_4517.png,٦٦
image_233.png,٣٢٧
image_67.png,٩٦١
image_1604.png,٥٦٧
image_3284.png,٥٢
image_3597.png,٣
image_126.png,٨٢
image_1297.png,٠٠٧
image_1977.png,٠٨
image_4518.png,٦
image_4482.png,٣٩٥
image_2076.png,٥١٠
image_3087.png,٢٦
image_4346.png,١
image_3346.png,٠٣
image_4465.png,٨
image_2798.png,٣٦
image_919.png,٥
image_1647.png,١
image_365.png,٠٣
image_3288.png,٣٢
image_2126.png,٢
image_4124.png,٩
image_526.png,٢٨
image_56.png,٠٦
image_639.png,٣٨
image_303.png,٤٧
image_2767.png,٠٧
image_1277.png,٣
image_2056.png,١٠
image_3645.png,٨٢
image_4144.png,٨٨٣
image_2879.png,١
image_4203.png,٥
image_2287.png,٨١
image_2262.png,٤
image_2297.png,٤٥
image_1754.png,٥٥
image_1969.png,٠٥
image_4352.png,٦
image_3118.png,٨٧
image_2394.png,٣٤
image_524.png,٧
image_3901.png,٣
image_3123.png,٠٨
image_4157.png,٠٨
image_1970.png,١
image_672.png,٤٣
image_4189.png,٨٩١
image_667.png,١٦
image_4339.png,٠
image_1888.png,٣
image_3267.png,١٩
image_281.png,٢٩
image_1720.png,٦٩٤
image_2948.png,٠١
image_900.png,٩٩
image_4851.png,٧
image_761.png,٧٩
image_1907.png,٥٤
image_4043.png,٥
image_3824.png,٦٦
image_4139.png,٦
image_3819.png,٥
image_4301.png,٠٨٣
image_2594.png,١٠
image_4165.png,٦٨٠
image_3032.png,٢٤
image_3580.png,٤٤
image_2833.png,٦١
image_3473.png,٣
image_138.png,٥٠
image_2181.png,٩٥
image_2129.png,٥
image_3178.png,٢٠
image_4368.png,٦٤٥
image_4262.png,٨
image_4345.png,٤١
image_1332.png,٥٣
image_2018.png,٠٤١
image_2483.png,١
image_1359.png,٨
image_1330.png,٨٨
image_2151.png,٨
image_2123.png,٧٠
image_3982.png,٣٦٤
image_1253.png,٢٠
image_3279.png,٨
image_3375.png,٠١١
image_2815.png,٣
image_1849.png,٩
image_3038.png,٠
image_389.png,٠٦
image_236.png,٤١
image_1078.png,١٥٩
image_1985.png,٩
image_4364.png,٨٥
image_3963.png,٠٣٥
image_771.png,٤٨٦
image_2166.png,١
image_674.png,٣٨٤
image_250.png,٣٣
image_1575.png,٢٥
image_3420.png,٢١٧
image_2082.png,١
image_1824.png,٨٦١
image_717.png,٦١
image_4669.png,٨
image_2049.png,٢٧
image_4179.png,١٥
image_2725.png,١٩٦
image_4522.png,٤١
image_1461.png,٤١٩
image_1669.png,٣٩
image_2757.png,٤٤
image_2001.png,٠
image_405.png,٥١٧
image_385.png,٣
image_4536.png,٤٥
image_2153.png,٧٣
image_1634.png,٢
image_4587.png,٦٧
image_3926.png,٥٨٠
image_4159.png,٨٦
image_224.png,٥٧
image_2194.png,٩
image_3137.png,٦
image_1825.png,٩٠
image_4601.png,٢٨
image_798.png,٣٦٩
image_2872.png,٥
image_10.png,٧
image_1945.png,٧١
image_1839.png,١
image_256.png,٣
image_4509.png,٤٤
image_1582.png,٩
image_2957.png,٨
image_925.png,٣٥
image_4430.png,٠٨
image_2509.png,٥٤٩
image_3776.png,٩٩
image_4137.png,٨١
image_2780.png,١
image_540.png,٧
image_2746.png,٦
image_4499.png,٢٤٥
image_4572.png,٧
image_1146.png,٦٢٢
image_668.png,٣
image_3020.png,١٧٨
image_358.png,٤
image_2832.png,٤
image_2784.png,٤٨٥
image_1354.png,٩
image_471.png,٩٢
image_2704.png,٢٨
image_3331.png,٧٢
image_3638.png,٤٣٨
image_1397.png,٢٥
image_3585.png,٦٣
image_4487.png,٠
image_3377.png,٢
image_1257.png,٧١٧
image_3513.png,٥١
image_1251.png,١٧
image_4808.png,١
image_4299.png,٥٩
image_3285.png,١١
image_2934.png,٢
image_4176.png,٤
image_1853.png,٥
image_4870.png,٠
image_2106.png,٨١٢
image_134.png,٨٩
image_929.png,١
image_824.png,١
image_4544.png,٤٤
image_1532.png,٢
image_1215.png,٩٩
image_505.png,٢
image_4286.png,٣٨
image_1997.png,٣٧
image_3073.png,٤
image_1959.png,٢٩١
image_1385.png,٥
image_895.png,٨٨٠
image_456.png,٣
image_4880.png,٧
image_3710.png,٣٩
image_4619.png,٣٠٢
image_4269.png,٤
image_3523.png,١٨
image_4135.png,٨
image_3603.png,٠
image_714.png,٢٩
image_4187.png,٨٤
image_2215.png,٥١
image_2924.png,٦
image_1811.png,٩
image_3487.png,٣
image_3142.png,٧٤
image_1828.png,١
image_1156.png,٧
image_1325.png,٨
image_4313.png,٩
image_511.png,٥٤
image_1681.png,٠
image_500.png,٠٩٧
image_4537.png,٦
image_1857.png,١٤
image_1389.png,٨٧
image_3720.png,١
image_2387.png,٥٧١
image_3237.png,٤
image_1541.png,٨
image_1218.png,١٠
image_2682.png,٠
image_2994.png,٦
image_1192.png,٦٤
image_1543.png,٢
image_3302.png,٠
image_3325.png,٨٤٦
image_2540.png,٠
image_954.png,٣٨
image_4331.png,٦
image_733.png,٠٢
image_1157.png,٠
image_3295.png,٥
image_2983.png,٥
image_2157.png,٦٩
image_1063.png,٦٤٨
image_2617.png,٠٩
image_1168.png,١٣
image_3223.png,٦
image_3637.png,٢
image_2939.png,٧١
image_4492.png,٥
image_3141.png,٤٨١
image_144.png,٦٧
image_3578.png,٦٨
image_2783.png,٥
image_718.png,٥
image_1820.png,٥
image_2503.png,٨٨
image_4361.png,٨٩
image_4172.png,٣٢٢
image_396.png,٤
image_4837.png,٣٦
image_4493.png,٥٥
image_1366.png,٧٢
image_4559.png,٠
image_596.png,٦٠٣
image_3953.png,٠٠
image_2915.png,٤٦٨
image_2327.png,١
image_3767.png,٤٥
image_3441.png,٩٢
image_3852.png,١٠
image_4133.png,٩
image_4592.png,٢
image_2144.png,٦
image_1572.png,٥
image_4080.png,٨١
image_1123.png,٧
image_2787.png,١
image_2968.png,٧
image_2505.png,٦٥
image_3466.png,٣٣٢
image_676.png,٨١٣
image_2809.png,٦
image_3349.png,٩
image_729.png,٤٣
image_413.png,٩٢
image_3147.png,٢٩١
image_1517.png,٤٦
image_826.png,٦
image_3268.png,٣
image_3975.png,٤
image_617.png,٦
image_115.png,٥٨٦
image_418.png,٣٩
image_3070.png,٦٠
image_1626.png,٠٤٩
image_4951.png,٥٠
image_4186.png,١٧١
image_2897.png,٩
image_4672.png,٨
image_2083.png,٢٧
image_754.png,٥٥٦
image_2547.png,٧
image_3970.png,٨٥
image_3374.png,٠
image_4108.png,١١٠
image_2445.png,٠٠٢
image_4381.png,٧
image_1067.png,٨٢
image_3914.png,٨٠
image_3499.png,٤٦٥
image_2739.png,٤
image_4001.png,١
image_1569.png,٣٩١
image_2428.png,٣٤٢
image_3747.png,٠٢
image_4640.png,٠٩
image_1688.png,٣٢
image_852.png,٥٦
image_3547.png,٨٩
image_896.png,٣٣٣
image_4593.png,٢٤
image_336.png,٩٦٨
image_2840.png,٦٤٠
image_3088.png,٩
image_1349.png,٤٥٧
image_1016.png,٧٨
image_2817.png,٥٤٩
image_1632.png,٠
image_2490.png,٦
image_3731.png,٩
image_3252.png,٣٤٣
image_4635.png,٠٩٣
image_2071.png,٥٤٦
image_4453.png,٥٤
image_4883.png,٥٨٥
image_1636.png,٣٤
image_2480.png,٤
image_2266.png,٣
image_2960.png,٧
image_4732.png,١
image_3060.png,٣٥
image_2142.png,١٠
image_3119.png,٥٠٣
image_4726.png,٥
image_4046.png,٦٧٢
image_3357.png,١
image_2745.png,٢٥٧
image_3507.png,٠
image_1680.png,٥٩
image_4250.png,١٤٩
image_3148.png,١
image_2295.png,٥٣
image_581.png,٠٧
image_1471.png,٥٨
image_4071.png,٠
image_3344.png,٦٦
image_4584.png,٧٥
image_3673.png,٨٩
image_560.png,٧١
image_2850.png,٥
image_513.png,٥
image_1082.png,٧
image_1665.png,٨٠٠
image_1013.png,٢
image_1932.png,٣٠
image_1151.png,٦٩٦
image_2839.png,٤١
image_117.png,٣٨٩
image_741.png,٨٧٠
image_4807.png,٠٤٩
image_3676.png,٦
image_831.png,٦
image_120.png,١
image_4854.png,٦٥
image_4739.png,٥٨
image_636.png,٨٧٥
image_4466.png,٦١٧
image_4365.png,٢٢٠
image_4143.png,٩٥
image_992.png,٦٢
image_877.png,٨
image_5.png,٨٥
image_3052.png,٨٣
image_3125.png,٩٢٠
image_2661.png,٣
image_2492.png,١
image_3855.png,٦
image_1716.png,٣
image_1149.png,١
image_3262.png,٢٧٨
image_575.png,٧٩
image_3770.png,١٥
image_3737.png,٨
image_4147.png,٤٥
image_854.png,١
image_1983.png,٦٧
image_2775.png,٢٣٧
image_1167.png,١٤
image_972.png,٥
image_2702.png,٧٣
image_4496.png,٦٧
image_3848.png,٧
image_2369.png,٨٤١
image_4116.png,٢٧٠
image_4132.png,٣
image_2951.png,٤
image_525.png,١٧
image_2456.png,٩
image_1842.png,٢٨
image_538.png,١
image_2807.png,٧٢
image_4342.png,٢٦
image_3176.png,٤٥
image_785.png,٨٠
image_4058.png,٩
image_1410.png,٩٩
image_2538.png,١
image_155.png,٦٩
image_3010.png,٨
image_1687.png,٠٦
image_2902.png,١
image_4950.png,٤٠
image_3864.png,٩٤
image_2734.png,٨١٠
image_1896.png,٢
image_570.png,٦٣
image_1817.png,٥
image_2066.png,٦
image_128.png,٤٣
image_3395.png,٣٥
image_3328.png,٦٤
image_4987.png,٩٤
image_2976.png,٨٧
image_981.png,٥
image_2301.png,٨٠
image_191.png,٧
image_1140.png,٤
image_700.png,٤٤
image_4781.png,٩٢٢
image_607.png,٤٧
image_4277.png,٨٣
image_302.png,٠٢
image_3421.png,٥٣٢
image_4821.png,٨٣
image_1061.png,٠
image_2566.png,١٨٧
image_4995.png,٤٩
image_1070.png,١
image_2525.png,٥٣
image_2206.png,٣٥
image_1244.png,٧٠
image_17.png,٠٦
image_3121.png,٤٧
image_4643.png,٥
image_816.png,٠٨
image_3068.png,٨٧
image_4785.png,١٧
image_960.png,٧٨
image_226.png,٧
image_3355.png,٣
image_2486.png,٤٣٣
image_563.png,٩٠
image_3437.png,١٤٧
image_1694.png,٧٧٨
image_1046.png,٣
image_3447.png,٢
image_4566.png,٧٣
image_955.png,٥
image_4986.png,٦٠
image_2736.png,٢٤
image_4904.png,٨
image_4736.png,٥
image_4824.png,٢٤٦
image_1219.png,٣٥
image_1528.png,٩
image_3988.png,٥
image_1301.png,٧٣
image_4892.png,٠٩
image_161.png,٢٠٩
image_4068.png,١٠
image_957.png,١٩
image_3792.png,٧٩٧
image_3235.png,٥
image_2870.png,٥
image_3778.png,٤
image_4434.png,٥١
image_2962.png,٤
image_2201.png,٢٦
image_99.png,٩
image_2558.png,٣٧
image_3184.png,٣٣٧
image_254.png,٨
image_3924.png,٢
image_4200.png,١
image_1446.png,٩
image_1649.png,٥٥٢
image_4683.png,٠١
image_4724.png,٠٨
image_3992.png,١٧١
image_1697.png,٦
image_3192.png,٦٢
image_4500.png,٣١
image_1155.png,٨
image_2256.png,٠
image_1683.png,٥٠
image_3171.png,٧٠
image_2057.png,٨
image_4091.png,١
image_3109.png,٨٠٥
image_4549.png,٥
image_3724.png,١٩٢
image_2050.png,١٠٨
image_3644.png,٨٣
image_4928.png,٥٨٤
image_624.png,٦٧
image_263.png,٣
image_3370.png,١٢
image_4062.png,٦٨
image_1803.png,٢
image_4737.png,١٩
image_4993.png,٧
image_2386.png,٤٨٢
image_1960.png,٨٢٤
image_2977.png,١٤٠
image_489.png,٤٠
image_1844.png,٦
image_1735.png,١
image_2912.png,٢
image_3220.png,٦١٨
image_147.png,٢
image_1987.png,٨٠
image_1370.png,٢
image_2812.png,٠
image_660.png,٥٣
image_1795.png,٩٨٤
image_2512.png,٦
image_3398.png,٩
image_4283.png,٥
image_1148.png,٧٣٧
image_3273.png,٠٠٤
image_609.png,١
image_3583.png,٢
image_1931.png,٢
image_198.png,٠٠٥
image_2932.png,٩٣
image_2328.png,٢
image_4390.png,٦٥
image_767.png,٢
image_4497.png,٦٢٨
image_4219.png,٤
image_3256.png,٩٢
image_203.png,٨
image_3511.png,٢
image_1734.png,٥٠
image_2778.png,٦١
image_1708.png,٨٩٦
image_3475.png,٥
image_855.png,٥
image_4738.png,٤٢٣
image_4098.png,٧
image_2161.png,٧٠
image_699.png,٥٨
image_4948.png,٥٥
image_3000.png,١
image_3697.png,٦٩٤
image_1637.png,٤
image_3458.png,٨٢
image_3582.png,٣
image_1292.png,٩
image_4660.png,٩
image_1854.png,٣
image_3764.png,٧
image_3305.png,٧
image_4913.png,٣
image_3744.png,١٩
image_3446.png,٨
image_1999.png,٥
image_664.png,٦٧
image_4780.png,٦
image_3749.png,٨٤
image_4414.png,١٦
image_4745.png,٠٤٠
image_710.png,٠
image_1283.png,٨٨
image_2676.png,٥١
image_4030.png,٠
image_1307.png,٤
image_2238.png,٥٢
image_3303.png,٤
image_2039.png,١
image_1530.png,٠٢
image_1664.png,١٥
image_4935.png,٦٨
image_4954.png,٣٧
image_3628.png,٧
image_2694.png,١١
image_3061.png,٠
image_1598.png,٠
image_2730.png,٠٧
image_2626.png,٤٣
image_3158.png,٦
image_3315.png,٢٥١
image_1723.png,٤٦
image_1060.png,٨٠
image_4637.png,٩
image_3243.png,٢
image_1679.png,٨١٥
image_1758.png,٦
image_4192.png,٣١
image_564.png,٩٤
image_2791.png,٥٤
image_864.png,٠
image_1485.png,٠
image_207.png,٦٧
image_4489.png,١٧٢
image_871.png,٥٧
image_4494.png,٧٧
image_503.png,٥٦١
image_1029.png,٠٣٤
image_3841.png,٢٧
image_2691.png,١٠
image_1571.png,٧
image_2774.png,٦٧
image_2732.png,٣
image_805.png,٥
image_3646.png,٨
image_2455.png,٧٢
image_4599.png,١٠
image_3105.png,٦٤٨
image_4876.png,٤
image_201.png,٥٥١
image_3100.png,٤
image_2279.png,٤١٠
image_3562.png,٩٩
image_4475.png,١
image_4515.png,٢٨
image_392.png,٩٨
image_1496.png,٠
image_2696.png,٦٩
image_2028.png,٨
image_2569.png,١
image_65.png,٣٧
image_3885.png,٩٣
image_2063.png,٦
image_493.png,١٤
image_380.png,١
image_4860.png,٧١
image_3994.png,٨١
image_4888.png,١١
image_1077.png,٩٢٦
image_879.png,٨٢٤
image_338.png,٠٣١
image_1017.png,٠٧
image_1276.png,٨
image_3799.png,٢
image_4552.png,١٨
image_3343.png,٨
image_4912.png,٨
image_996.png,٧
image_1982.png,٠٧
image_4298.png,٦١٠
image_162.png,٣
image_4799.png,٣٧
image_1501.png,١٣
image_3844.png,٦٤٩
image_2614.png,٤٩٥
image_3462.png,٠
image_1022.png,٦
image_3074.png,٤٤
image_3944.png,٣٠
image_1586.png,٢
image_1956.png,٨٧
image_3153.png,٠٣
image_35.png,٤٥
image_4015.png,٦٧١
image_776.png,٢٧
image_2557.png,٩٢٥
image_1479.png,٩
image_1364.png,٩
image_2613.png,٢
image_2825.png,١
image_2042.png,٥
image_242.png,٤٤
image_2062.png,٦٣٤
image_2364.png,٨٣٤
image_601.png,١٣
image_2436.png,١٥٩
image_2889.png,٠٠٥
image_647.png,٥٠٦
image_3891.png,٤
image_3557.png,١
image_3203.png,٣٥
image_1529.png,٦
image_1268.png,١١٨
image_1900.png,١
image_4659.png,٤٤٠
image_3006.png,٤٩
image_2735.png,٣
image_190.png,٩
image_1807.png,٣
image_976.png,٤١٠
image_2748.png,٩٥٩
image_2048.png,٦
image_2559.png,٥٩٥
image_1083.png,٦
image_475.png,٧٩
image_2905.png,٤٥٧
image_4844.png,٧٣
image_4118.png,٨
image_3386.png,٨
image_4556.png,٦١
image_1185.png,٩
image_2434.png,٦٨
image_2392.png,٣
image_770.png,٩
image_1686.png,٢
image_131.png,٩٦٩
image_2920.png,٨٣
image_3172.png,٨
image_3445.png,٥
image_4427.png,٠
image_467.png,٩
image_3093.png,٠٠
image_3773.png,٨
image_861.png,١٢
